,intersection_id,tollgate_id,time_window,predict_time,real_time,mape
0,A,2,"[2016-09-06 08:00:00,2016-09-06 08:20:00)",71.83342965286673,57.568000000000005,0.2478013766826487
1,A,2,"[2016-09-06 08:20:00,2016-09-06 08:40:00)",74.44933392418577,54.396,0.36865456879523795
2,A,2,"[2016-09-06 08:40:00,2016-09-06 09:00:00)",82.46051064051544,51.218333333333334,0.6099803580849716
3,A,2,"[2016-09-06 09:00:00,2016-09-06 09:20:00)",70.67576178496364,61.86126050420168,0.14248822621652318
4,A,2,"[2016-09-06 09:20:00,2016-09-06 09:40:00)",72.63560327288175,78.573,0.07556535612892777
5,A,2,"[2016-09-06 09:40:00,2016-09-06 10:00:00)",67.88132752476105,61.83333333333333,0.09781122681554263
6,A,2,"[2016-09-07 08:00:00,2016-09-07 08:20:00)",73.52281012277706,73.51833333333333,6.089351105704067e-05
7,A,2,"[2016-09-07 08:20:00,2016-09-07 08:40:00)",74.43913831387582,62.01985714285715,0.20024685226881406
8,A,2,"[2016-09-07 08:40:00,2016-09-07 09:00:00)",80.644633356639,55.6986217948718,0.44787484425806745
9,A,2,"[2016-09-07 09:00:00,2016-09-07 09:20:00)",69.65766558996695,65.202,0.06833633308743528
10,A,2,"[2016-09-07 09:20:00,2016-09-07 09:40:00)",72.80422954222519,59.36033766233766,0.22647937005279647
11,A,2,"[2016-09-07 09:40:00,2016-09-07 10:00:00)",67.81411496240011,60.193313492063496,0.12660544881519806
12,A,2,"[2016-09-08 08:00:00,2016-09-08 08:20:00)",72.50006491231504,53.74778846153846,0.3488939170808037
13,A,2,"[2016-09-08 08:20:00,2016-09-08 08:40:00)",75.25765674659178,70.80738461538462,0.06285039555380256
14,A,2,"[2016-09-08 08:40:00,2016-09-08 09:00:00)",82.75084935753851,63.733382352941184,0.29839098918809703
15,A,2,"[2016-09-08 09:00:00,2016-09-08 09:20:00)",69.99483411478303,70.79222222222222,0.011263781280041291
16,A,2,"[2016-09-08 09:20:00,2016-09-08 09:40:00)",80.56590193457262,58.54343750000001,0.37617306695686614
17,A,2,"[2016-09-08 09:40:00,2016-09-08 10:00:00)",68.25439859358634,66.11286147186148,0.03239214086409394
18,A,2,"[2016-09-09 08:00:00,2016-09-09 08:20:00)",72.35615389079344,78.73378453654189,0.08100246524779296
19,A,2,"[2016-09-09 08:20:00,2016-09-09 08:40:00)",74.73009687327989,68.8877450980392,0.08480974035259838
20,A,2,"[2016-09-09 08:40:00,2016-09-09 09:00:00)",79.39451291374046,96.54261363636365,0.17762208911406777
21,A,2,"[2016-09-09 09:00:00,2016-09-09 09:20:00)",71.25041240453722,61.67080952380954,0.1553344759813674
22,A,2,"[2016-09-09 09:20:00,2016-09-09 09:40:00)",75.1928087766374,86.45232954545455,0.13023964568701593
23,A,2,"[2016-09-09 09:40:00,2016-09-09 10:00:00)",68.17712477830574,72.68933333333332,0.062075250220494316
24,A,2,"[2016-09-10 08:00:00,2016-09-10 08:20:00)",72.56626570519151,65.70063348416289,0.10449872180735634
25,A,2,"[2016-09-10 08:20:00,2016-09-10 08:40:00)",75.2767605656139,74.63916666666668,0.00854235018183772
26,A,2,"[2016-09-10 08:40:00,2016-09-10 09:00:00)",80.31918109441575,93.77578035126129,0.14349759827580624
27,A,2,"[2016-09-10 09:00:00,2016-09-10 09:20:00)",71.13946172684392,85.43783135704874,0.167354079604985
28,A,2,"[2016-09-10 09:20:00,2016-09-10 09:40:00)",74.90357853923277,112.26292307692307,0.3327843558116825
29,A,2,"[2016-09-10 09:40:00,2016-09-10 10:00:00)",67.77504670870162,85.32488095238095,0.2056824931695332
30,A,2,"[2016-09-11 08:00:00,2016-09-11 08:20:00)",72.9986985512342,68.02411111111111,0.07312976764955528
31,A,2,"[2016-09-11 08:20:00,2016-09-11 08:40:00)",74.792810191512,72.07124895572265,0.03776209341760342
32,A,2,"[2016-09-11 08:40:00,2016-09-11 09:00:00)",80.63452600765642,90.6817037037037,0.11079608438848651
33,A,2,"[2016-09-11 09:00:00,2016-09-11 09:20:00)",71.31730740781492,75.31714285714287,0.05310657438127465
34,A,2,"[2016-09-11 09:20:00,2016-09-11 09:40:00)",74.42814806492541,65.54823529411763,0.13547142392107497
35,A,2,"[2016-09-11 09:40:00,2016-09-11 10:00:00)",67.50067041649443,66.62794861660079,0.013098434185863487
36,A,2,"[2016-09-12 08:00:00,2016-09-12 08:20:00)",72.96628767500009,111.10357142857143,0.34325884634671555
37,A,2,"[2016-09-12 08:20:00,2016-09-12 08:40:00)",74.74026329227983,76.64747354497354,0.024882884777338816
38,A,2,"[2016-09-12 08:40:00,2016-09-12 09:00:00)",80.55038613994886,80.43192857142857,0.0014727679744131303
39,A,2,"[2016-09-12 09:00:00,2016-09-12 09:20:00)",69.60395961910757,98.8619117647059,0.2959476670371605
40,A,2,"[2016-09-12 09:20:00,2016-09-12 09:40:00)",73.10713680845882,75.98655844155844,0.03789382875280763
41,A,2,"[2016-09-12 09:40:00,2016-09-12 10:00:00)",67.524608964641,84.98246753246752,0.20542894404845036
42,A,2,"[2016-09-06 17:00:00,2016-09-06 17:20:00)",63.98124896547608,50.916,0.256603994136933
43,A,2,"[2016-09-06 17:20:00,2016-09-06 17:40:00)",64.79394008003634,62.949047619047626,0.029307710454232
44,A,2,"[2016-09-06 17:40:00,2016-09-06 18:00:00)",62.23026423181776,30.548000000000002,1.0371305562333952
45,A,2,"[2016-09-06 18:00:00,2016-09-06 18:20:00)",59.111253889010065,37.48,0.5771412457046443
46,A,2,"[2016-09-06 18:20:00,2016-09-06 18:40:00)",60.74436171623494,44.148333333333326,0.3759151734584533
47,A,2,"[2016-09-06 18:40:00,2016-09-06 19:00:00)",57.53737744947623,51.906666666666666,0.10847760305952155
48,A,2,"[2016-09-07 17:00:00,2016-09-07 17:20:00)",65.42957055569752,84.35777777777777,0.22438010721361693
49,A,2,"[2016-09-07 17:20:00,2016-09-07 17:40:00)",64.91538509887255,101.69465277777776,0.3616637323033585
50,A,2,"[2016-09-07 17:40:00,2016-09-07 18:00:00)",63.01316058370121,122.41333333333334,0.48524267032157825
51,A,2,"[2016-09-07 18:00:00,2016-09-07 18:20:00)",59.08168821341182,72.17428571428572,0.18140252267550225
52,A,2,"[2016-09-07 18:20:00,2016-09-07 18:40:00)",61.15769061482602,50.01277777777777,0.2228413084065945
53,A,2,"[2016-09-07 18:40:00,2016-09-07 19:00:00)",57.83781415812201,56.693,0.020193218882789937
54,A,2,"[2016-09-08 17:00:00,2016-09-08 17:20:00)",65.75623707369576,87.404,0.2476747394433234
55,A,2,"[2016-09-08 17:20:00,2016-09-08 17:40:00)",67.89897269199204,102.61945454545454,0.3383421009910291
56,A,2,"[2016-09-08 17:40:00,2016-09-08 18:00:00)",64.04167985873413,76.39287581699348,0.16167994497088756
57,A,2,"[2016-09-08 18:00:00,2016-09-08 18:20:00)",60.18659181985623,74.56077777777779,0.1927848177866736
58,A,2,"[2016-09-08 18:20:00,2016-09-08 18:40:00)",59.24474975658815,62.9225,0.05844888940223053
59,A,2,"[2016-09-08 18:40:00,2016-09-08 19:00:00)",59.49946370067129,85.912,0.3074371019104283
60,A,2,"[2016-09-09 17:00:00,2016-09-09 17:20:00)",64.91154416542449,54.26869047619047,0.19611406864338102
61,A,2,"[2016-09-09 17:20:00,2016-09-09 17:40:00)",65.12944024627525,71.24071428571429,0.08578344701780335
62,A,2,"[2016-09-09 17:40:00,2016-09-09 18:00:00)",64.87795200421535,60.86876623376622,0.0658660593686401
63,A,2,"[2016-09-09 18:00:00,2016-09-09 18:20:00)",59.13813357068461,57.99,0.019798819980765766
64,A,2,"[2016-09-09 18:20:00,2016-09-09 18:40:00)",59.28825484121028,53.62893048128342,0.10552745149191399
65,A,2,"[2016-09-09 18:40:00,2016-09-09 19:00:00)",57.123296029657006,60.29,0.052524530939508936
66,A,2,"[2016-09-10 17:00:00,2016-09-10 17:20:00)",63.959999634283065,77.73373555430076,0.1771912262005739
67,A,2,"[2016-09-10 17:20:00,2016-09-10 17:40:00)",65.22974308577678,74.54141102756893,0.12491939464827488
68,A,2,"[2016-09-10 17:40:00,2016-09-10 18:00:00)",64.8985576970202,70.75927272727273,0.082826106096956
69,A,2,"[2016-09-10 18:00:00,2016-09-10 18:20:00)",59.1984498631719,97.10914700544464,0.3903926490070723
70,A,2,"[2016-09-10 18:20:00,2016-09-10 18:40:00)",59.32336231225647,70.60767279821627,0.15981705725110473
71,A,2,"[2016-09-10 18:40:00,2016-09-10 19:00:00)",58.440965458566794,60.140478632478626,0.02825905633870391
72,A,2,"[2016-09-11 17:00:00,2016-09-11 17:20:00)",64.10572867418692,93.33583333333334,0.31317130425949036
73,A,2,"[2016-09-11 17:20:00,2016-09-11 17:40:00)",65.70714098687577,71.37692982456139,0.07943447345832175
74,A,2,"[2016-09-11 17:40:00,2016-09-11 18:00:00)",64.93663305994527,84.42985210084035,0.2308806489156584
75,A,2,"[2016-09-11 18:00:00,2016-09-11 18:20:00)",59.2021816300214,71.81889610389611,0.17567402394521436
76,A,2,"[2016-09-11 18:20:00,2016-09-11 18:40:00)",59.72975363517121,80.86777777777777,0.2613899469414533
77,A,2,"[2016-09-11 18:40:00,2016-09-11 19:00:00)",57.35913926757916,80.30555555555557,0.2857388399748013
78,A,2,"[2016-09-12 17:00:00,2016-09-12 17:20:00)",65.16561245381087,66.26126984126982,0.01653541186402895
79,A,2,"[2016-09-12 17:20:00,2016-09-12 17:40:00)",65.0777561072479,86.19050000000001,0.2449544194865109
80,A,2,"[2016-09-12 17:40:00,2016-09-12 18:00:00)",65.22484594294382,79.15252525252525,0.17596001220614363
81,A,2,"[2016-09-12 18:00:00,2016-09-12 18:20:00)",60.05908475585769,60.766826923076934,0.01164685080751634
82,A,2,"[2016-09-12 18:20:00,2016-09-12 18:40:00)",59.48037541422143,68.35071428571429,0.12977682770678545
83,A,2,"[2016-09-12 18:40:00,2016-09-12 19:00:00)",58.423970045551314,58.35147727272728,0.0012423468301447224
84,A,3,"[2016-09-06 08:00:00,2016-09-06 08:20:00)",126.20715984109381,95.628,0.31977203163397555
85,A,3,"[2016-09-06 08:20:00,2016-09-06 08:40:00)",137.36233022700873,85.17250000000001,0.6127544715372768
86,A,3,"[2016-09-06 08:40:00,2016-09-06 09:00:00)",134.08862256539402,93.545,0.433413037205559
87,A,3,"[2016-09-06 09:00:00,2016-09-06 09:20:00)",146.82039467862137,91.93411764705881,0.597017499447535
88,A,3,"[2016-09-06 09:20:00,2016-09-06 09:40:00)",138.68948229791206,107.81557142857145,0.2863585515548169
89,A,3,"[2016-09-06 09:40:00,2016-09-06 10:00:00)",119.71814356279009,110.81001658163265,0.08039099041732303
90,A,3,"[2016-09-07 08:00:00,2016-09-07 08:20:00)",125.73559802513685,85.60499999999999,0.46878801501240425
91,A,3,"[2016-09-07 08:20:00,2016-09-07 08:40:00)",139.29515641049403,111.79357142857143,0.246003277563185
92,A,3,"[2016-09-07 08:40:00,2016-09-07 09:00:00)",136.70505234514488,102.50931623931625,0.3335866178835486
93,A,3,"[2016-09-07 09:00:00,2016-09-07 09:20:00)",143.85627364159805,110.54200000000003,0.3013720906225508
94,A,3,"[2016-09-07 09:20:00,2016-09-07 09:40:00)",138.2459292548934,117.55426623376624,0.17601796756555063
95,A,3,"[2016-09-07 09:40:00,2016-09-07 10:00:00)",118.98542882429274,99.41331349206348,0.19687619942163753
96,A,3,"[2016-09-08 08:00:00,2016-09-08 08:20:00)",126.46601649917287,121.79253846153848,0.0383724495496105
97,A,3,"[2016-09-08 08:20:00,2016-09-08 08:40:00)",139.46060477050887,107.80955128205127,0.29358301849946605
98,A,3,"[2016-09-08 08:40:00,2016-09-08 09:00:00)",136.3913271061435,109.93488235294119,0.24065559708578255
99,A,3,"[2016-09-08 09:00:00,2016-09-08 09:20:00)",149.72241301786093,122.77821428571427,0.21945423207936104
100,A,3,"[2016-09-08 09:20:00,2016-09-08 09:40:00)",138.87595452749068,105.60809013157896,0.31501246120882126
101,A,3,"[2016-09-08 09:40:00,2016-09-08 10:00:00)",121.66936760692977,122.39355591630591,0.005916882665549434
102,A,3,"[2016-09-09 08:00:00,2016-09-09 08:20:00)",127.04786875600949,139.31526505602238,0.08805493278198799
103,A,3,"[2016-09-09 08:20:00,2016-09-09 08:40:00)",140.32386204101394,195.65211017740427,0.28278891592951577
104,A,3,"[2016-09-09 08:40:00,2016-09-09 09:00:00)",135.47546290017974,182.88241666666667,0.2592209498898624
105,A,3,"[2016-09-09 09:00:00,2016-09-09 09:20:00)",148.99725843870002,213.7703473389356,0.3030031513095548
106,A,3,"[2016-09-09 09:20:00,2016-09-09 09:40:00)",138.44052607843489,205.65944444444443,0.3268457645968583
107,A,3,"[2016-09-09 09:40:00,2016-09-09 10:00:00)",119.11997184467353,146.33261904761906,0.18596432825472825
108,A,3,"[2016-09-10 08:00:00,2016-09-10 08:20:00)",126.5012570557381,128.0879411764706,0.012387459007920794
109,A,3,"[2016-09-10 08:20:00,2016-09-10 08:40:00)",143.20136199403711,239.51415922619046,0.4021173426377613
110,A,3,"[2016-09-10 08:40:00,2016-09-10 09:00:00)",136.40852286115881,204.36213373471992,0.3325156653618174
111,A,3,"[2016-09-10 09:00:00,2016-09-10 09:20:00)",152.78125903070884,200.22189088085827,0.23694028480821264
112,A,3,"[2016-09-10 09:20:00,2016-09-10 09:40:00)",140.62431344567574,215.73811355311352,0.34817121031766685
113,A,3,"[2016-09-10 09:40:00,2016-09-10 10:00:00)",124.33433461166892,179.77438095238097,0.30838680153985415
114,A,3,"[2016-09-11 08:00:00,2016-09-11 08:20:00)",126.18943128084251,115.61335353535354,0.09147799473055596
115,A,3,"[2016-09-11 08:20:00,2016-09-11 08:40:00)",137.95745934328878,107.33539181286551,0.28529329434797684
116,A,3,"[2016-09-11 08:40:00,2016-09-11 09:00:00)",136.75872679558194,179.42237037037034,0.2377833014173234
117,A,3,"[2016-09-11 09:00:00,2016-09-11 09:20:00)",146.33481407480647,162.58386363636365,0.09994257239389959
118,A,3,"[2016-09-11 09:20:00,2016-09-11 09:40:00)",144.83375711588212,191.72299999999998,0.2445676464697395
119,A,3,"[2016-09-11 09:40:00,2016-09-11 10:00:00)",119.65893792090974,223.8625226906749,0.46548025778191504
120,A,3,"[2016-09-12 08:00:00,2016-09-12 08:20:00)",128.56106981908673,118.49805357142858,0.08492136321540782
121,A,3,"[2016-09-12 08:20:00,2016-09-12 08:40:00)",139.86518580602242,124.37289838157486,0.124563209718868
122,A,3,"[2016-09-12 08:40:00,2016-09-12 09:00:00)",136.96841817340925,138.84986974789916,0.01355025811623696
123,A,3,"[2016-09-12 09:00:00,2016-09-12 09:20:00)",145.69837841140506,116.17296732026145,0.2541504428457011
124,A,3,"[2016-09-12 09:20:00,2016-09-12 09:40:00)",141.87011866031153,134.4311188811189,0.05533688807404149
125,A,3,"[2016-09-12 09:40:00,2016-09-12 10:00:00)",122.71897612387204,162.29350310559005,0.24384541724982275
126,A,3,"[2016-09-06 17:00:00,2016-09-06 17:20:00)",117.92982292756406,110.99000000000001,0.06252656029880216
127,A,3,"[2016-09-06 17:20:00,2016-09-06 17:40:00)",109.03258870199224,117.37321428571428,0.07106072398613009
128,A,3,"[2016-09-06 17:40:00,2016-09-06 18:00:00)",110.35466248161553,72.35300000000001,0.5252258024078549
129,A,3,"[2016-09-06 18:00:00,2016-09-06 18:20:00)",109.01736033271861,101.70572488756613,0.07189010700464854
130,A,3,"[2016-09-06 18:20:00,2016-09-06 18:40:00)",111.89837259143954,163.18398362307886,0.314280910987554
131,A,3,"[2016-09-06 18:40:00,2016-09-06 19:00:00)",107.80235497003714,94.21066666666667,0.1442691022605771
132,A,3,"[2016-09-07 17:00:00,2016-09-07 17:20:00)",116.7966499793994,110.78122222222224,0.05430006671266437
133,A,3,"[2016-09-07 17:20:00,2016-09-07 17:40:00)",111.68912097214447,116.5986607142857,0.04210631333211974
134,A,3,"[2016-09-07 17:40:00,2016-09-07 18:00:00)",110.55204330187277,121.69251068376067,0.0915460394340812
135,A,3,"[2016-09-07 18:00:00,2016-09-07 18:20:00)",109.34779626093538,106.41728571428574,0.027537918553172076
136,A,3,"[2016-09-07 18:20:00,2016-09-07 18:40:00)",111.25961860048511,148.27277777777778,0.2496288241983686
137,A,3,"[2016-09-07 18:40:00,2016-09-07 19:00:00)",107.3112247008228,136.25657142857142,0.21243266599381871
138,A,3,"[2016-09-08 17:00:00,2016-09-08 17:20:00)",118.49104653675457,120.93588293650792,0.020215971805794895
139,A,3,"[2016-09-08 17:20:00,2016-09-08 17:40:00)",111.03784732597391,87.81188311688312,0.2644968241732793
140,A,3,"[2016-09-08 17:40:00,2016-09-08 18:00:00)",111.06784316093969,107.29869652406418,0.03512760880585523
141,A,3,"[2016-09-08 18:00:00,2016-09-08 18:20:00)",109.7374097832565,124.65277777777777,0.11965531984462752
142,A,3,"[2016-09-08 18:20:00,2016-09-08 18:40:00)",111.39231321890142,102.0555,0.09148760447894946
143,A,3,"[2016-09-08 18:40:00,2016-09-08 19:00:00)",107.82755588577507,80.907,0.33273457038049953
144,A,3,"[2016-09-09 17:00:00,2016-09-09 17:20:00)",119.47616465514174,85.69738095238094,0.3941635476763345
145,A,3,"[2016-09-09 17:20:00,2016-09-09 17:40:00)",110.02827595189497,133.7481587301587,0.17734735942136878
146,A,3,"[2016-09-09 17:40:00,2016-09-09 18:00:00)",110.67049077719142,115.53244755244754,0.04208304141612655
147,A,3,"[2016-09-09 18:00:00,2016-09-09 18:20:00)",110.04053593708322,110.07,0.0002676847725699379
148,A,3,"[2016-09-09 18:20:00,2016-09-09 18:40:00)",111.4620012163152,97.2805971479501,0.1457783410477752
149,A,3,"[2016-09-09 18:40:00,2016-09-09 19:00:00)",107.1619116624754,131.1147619047619,0.18268614375919914
150,A,3,"[2016-09-10 17:00:00,2016-09-10 17:20:00)",118.263982502223,276.0264065860468,0.5715483023347764
151,A,3,"[2016-09-10 17:20:00,2016-09-10 17:40:00)",110.11650596283548,212.14598245614042,0.48093994197791967
152,A,3,"[2016-09-10 17:40:00,2016-09-10 18:00:00)",110.43026047008901,208.33341025641025,0.46993494545990055
153,A,3,"[2016-09-10 18:00:00,2016-09-10 18:20:00)",107.78412964212582,214.46143021346472,0.49741951485242536
154,A,3,"[2016-09-10 18:20:00,2016-09-10 18:40:00)",112.43386175033595,253.72218551758465,0.5568623156821123
155,A,3,"[2016-09-10 18:40:00,2016-09-10 19:00:00)",107.17959067129853,192.8878952991453,0.444342577821816
156,A,3,"[2016-09-11 17:00:00,2016-09-11 17:20:00)",120.20959469090731,148.89520833333333,0.19265639212651642
157,A,3,"[2016-09-11 17:20:00,2016-09-11 17:40:00)",111.64337438577937,179.27267387218043,0.3772426551445317
158,A,3,"[2016-09-11 17:40:00,2016-09-11 18:00:00)",110.98614948441036,124.50373821195146,0.10857174990624904
159,A,3,"[2016-09-11 18:00:00,2016-09-11 18:20:00)",109.92544677134087,115.92054292929292,0.051717288467229026
160,A,3,"[2016-09-11 18:20:00,2016-09-11 18:40:00)",112.44126382803448,129.16373015873015,0.1294671988037611
161,A,3,"[2016-09-11 18:40:00,2016-09-11 19:00:00)",107.2883866354728,100.58285714285714,0.06666672316826167
162,A,3,"[2016-09-12 17:00:00,2016-09-12 17:20:00)",118.52832042863129,123.24971428571429,0.03830754403322987
163,A,3,"[2016-09-12 17:20:00,2016-09-12 17:40:00)",111.8656767338005,138.17731818181818,0.19041939584755851
164,A,3,"[2016-09-12 17:40:00,2016-09-12 18:00:00)",111.340506250591,115.8558888888889,0.03897413141103558
165,A,3,"[2016-09-12 18:00:00,2016-09-12 18:20:00)",109.57574630550005,111.90208333333334,0.020789041263008567
166,A,3,"[2016-09-12 18:20:00,2016-09-12 18:40:00)",112.58113930965213,104.69771428571428,0.07529701176115855
167,A,3,"[2016-09-12 18:40:00,2016-09-12 19:00:00)",108.35403459574314,124.5401346153846,0.12996693852651392
168,B,1,"[2016-09-06 08:00:00,2016-09-06 08:20:00)",107.05995265555897,144.7997767857143,0.2606345463225788
169,B,1,"[2016-09-06 08:20:00,2016-09-06 08:40:00)",110.25113678592176,77.55083333333334,0.42166282484720874
170,B,1,"[2016-09-06 08:40:00,2016-09-06 09:00:00)",118.29682309584221,94.47535714285713,0.2521447568275863
171,B,1,"[2016-09-06 09:00:00,2016-09-06 09:20:00)",126.55960251223584,92.63666666666667,0.36619339907418774
172,B,1,"[2016-09-06 09:20:00,2016-09-06 09:40:00)",115.00789709318876,108.599375,0.059010671960025234
173,B,1,"[2016-09-06 09:40:00,2016-09-06 10:00:00)",118.27748110797461,127.02499999999998,0.06886454549911726
174,B,1,"[2016-09-07 08:00:00,2016-09-07 08:20:00)",110.67112337128695,91.67,0.20727744487058963
175,B,1,"[2016-09-07 08:20:00,2016-09-07 08:40:00)",113.03450785615351,110.33250000000001,0.024489682153069132
176,B,1,"[2016-09-07 08:40:00,2016-09-07 09:00:00)",118.26915275177141,90.76400000000001,0.30304033264037944
177,B,1,"[2016-09-07 09:00:00,2016-09-07 09:20:00)",129.81528320179686,134.99047619047622,0.038337467462348826
178,B,1,"[2016-09-07 09:20:00,2016-09-07 09:40:00)",118.538255612511,189.02730555555556,0.3729040613252971
179,B,1,"[2016-09-07 09:40:00,2016-09-07 10:00:00)",118.41511822026673,145.24412990196078,0.18471666772215525
180,B,1,"[2016-09-08 08:00:00,2016-09-08 08:20:00)",109.33441844371828,110.8760238095238,0.013903865893079632
181,B,1,"[2016-09-08 08:20:00,2016-09-08 08:40:00)",112.82990771033529,109.10116666666667,0.034176912654480814
182,B,1,"[2016-09-08 08:40:00,2016-09-08 09:00:00)",120.46517401639262,121.79526785714285,0.010920734969032854
183,B,1,"[2016-09-08 09:00:00,2016-09-08 09:20:00)",130.02290774938942,103.5211111111111,0.2560037885396483
184,B,1,"[2016-09-08 09:20:00,2016-09-08 09:40:00)",120.66490616540814,445.3418229166667,0.7290510346072141
185,B,1,"[2016-09-08 09:40:00,2016-09-08 10:00:00)",119.0182210303944,137.63658974358975,0.13527194147922775
186,B,1,"[2016-09-09 08:00:00,2016-09-09 08:20:00)",108.78044419317163,87.40482142857142,0.24455885173415404
187,B,1,"[2016-09-09 08:20:00,2016-09-09 08:40:00)",111.4562458120464,124.47702380952381,0.10460386663326683
188,B,1,"[2016-09-09 08:40:00,2016-09-09 09:00:00)",118.92616736800376,139.85627777777776,0.14965442197046416
189,B,1,"[2016-09-09 09:00:00,2016-09-09 09:20:00)",128.05095241954373,145.11184615384616,0.11757064765211954
190,B,1,"[2016-09-09 09:20:00,2016-09-09 09:40:00)",117.20888195941517,144.16589880952384,0.18698608389855817
191,B,1,"[2016-09-09 09:40:00,2016-09-09 10:00:00)",116.41613399164966,148.5171794871795,0.216143651571978
192,B,1,"[2016-09-10 08:00:00,2016-09-10 08:20:00)",109.79335031569175,144.09071428571428,0.23802619162547176
193,B,1,"[2016-09-10 08:20:00,2016-09-10 08:40:00)",111.80407745198804,160.9048888888889,0.30515425464049695
194,B,1,"[2016-09-10 08:40:00,2016-09-10 09:00:00)",119.59457566685114,130.50615151515152,0.08360966683653652
195,B,1,"[2016-09-10 09:00:00,2016-09-10 09:20:00)",130.89591280236726,126.39175757575758,0.035636463271032134
196,B,1,"[2016-09-10 09:20:00,2016-09-10 09:40:00)",118.77959694119302,148.10555555555555,0.1980071477019114
197,B,1,"[2016-09-10 09:40:00,2016-09-10 10:00:00)",119.37205792565601,153.44917171717174,0.22207427651890235
198,B,1,"[2016-09-11 08:00:00,2016-09-11 08:20:00)",108.19646731611648,151.46883333333335,0.28568494960272484
199,B,1,"[2016-09-11 08:20:00,2016-09-11 08:40:00)",110.91464148697621,135.39934090909088,0.18083322457643322
200,B,1,"[2016-09-11 08:40:00,2016-09-11 09:00:00)",118.91902037777628,126.42545454545453,0.05937438939544738
201,B,1,"[2016-09-11 09:00:00,2016-09-11 09:20:00)",125.77930786098139,129.79433585858587,0.030933768958754482
202,B,1,"[2016-09-11 09:20:00,2016-09-11 09:40:00)",117.90757015619224,128.99442307692308,0.0859483119988795
203,B,1,"[2016-09-11 09:40:00,2016-09-11 10:00:00)",118.45339001273915,143.21154135338347,0.17287818500292532
204,B,1,"[2016-09-12 08:00:00,2016-09-12 08:20:00)",110.72912012497108,133.73547474747474,0.17202881035077106
205,B,1,"[2016-09-12 08:20:00,2016-09-12 08:40:00)",112.80760420259519,188.77546520146518,0.40242444068563404
206,B,1,"[2016-09-12 08:40:00,2016-09-12 09:00:00)",119.19261039604794,129.16225503663003,0.07718698189153424
207,B,1,"[2016-09-12 09:00:00,2016-09-12 09:20:00)",129.72769329955196,105.59161111111113,0.22857954277298687
208,B,1,"[2016-09-12 09:20:00,2016-09-12 09:40:00)",117.91929240776331,172.33133333333333,0.31574084569010485
209,B,1,"[2016-09-12 09:40:00,2016-09-12 10:00:00)",118.77269200777896,113.97075396825397,0.04213307249737544
210,B,1,"[2016-09-06 17:00:00,2016-09-06 17:20:00)",118.35276690201512,102.7975,0.1513195058441608
211,B,1,"[2016-09-06 17:20:00,2016-09-06 17:40:00)",111.24565429639713,104.45152684082893,0.06504574572587725
212,B,1,"[2016-09-06 17:40:00,2016-09-06 18:00:00)",117.94206894590808,132.90583333333336,0.11258922209904468
213,B,1,"[2016-09-06 18:00:00,2016-09-06 18:20:00)",112.20410961366326,111.48333333333335,0.00646532767525712
214,B,1,"[2016-09-06 18:20:00,2016-09-06 18:40:00)",119.65973229641408,88.56782338008023,0.35105197045326425
215,B,1,"[2016-09-06 18:40:00,2016-09-06 19:00:00)",112.53696824175834,105.8786436450071,0.06288637979794548
216,B,1,"[2016-09-07 17:00:00,2016-09-07 17:20:00)",118.16860441272823,106.405,0.1105549965953501
217,B,1,"[2016-09-07 17:20:00,2016-09-07 17:40:00)",109.67468781462793,97.25999999999999,0.12764433286683055
218,B,1,"[2016-09-07 17:40:00,2016-09-07 18:00:00)",120.70836850091555,115.30416666666667,0.046869094070745174
219,B,1,"[2016-09-07 18:00:00,2016-09-07 18:20:00)",112.78545230689973,110.4625,0.021029329472895528
220,B,1,"[2016-09-07 18:20:00,2016-09-07 18:40:00)",122.43415540085354,92.50811576103263,0.32349636995229686
221,B,1,"[2016-09-07 18:40:00,2016-09-07 19:00:00)",112.68558003048496,106.124,0.06182936970416646
222,B,1,"[2016-09-08 17:00:00,2016-09-08 17:20:00)",122.04787142371536,118.0405,0.033949122747831205
223,B,1,"[2016-09-08 17:20:00,2016-09-08 17:40:00)",111.2969754460792,114.19060606060606,0.025340356044621367
224,B,1,"[2016-09-08 17:40:00,2016-09-08 18:00:00)",119.06190260418474,116.74366666666667,0.019857487808201457
225,B,1,"[2016-09-08 18:00:00,2016-09-08 18:20:00)",113.99143072239399,136.35898412698413,0.16403432122785827
226,B,1,"[2016-09-08 18:20:00,2016-09-08 18:40:00)",123.13844543960002,223.03,0.44788393740931703
227,B,1,"[2016-09-08 18:40:00,2016-09-08 19:00:00)",112.02582019219186,251.4656770833333,0.5545085059259695
228,B,1,"[2016-09-09 17:00:00,2016-09-09 17:20:00)",118.4583444817218,132.73583333333332,0.10756318390496053
229,B,1,"[2016-09-09 17:20:00,2016-09-09 17:40:00)",110.73558324026195,137.81166666666667,0.19647163466860368
230,B,1,"[2016-09-09 17:40:00,2016-09-09 18:00:00)",118.01475602075345,121.75642857142857,0.030730800784617807
231,B,1,"[2016-09-09 18:00:00,2016-09-09 18:20:00)",113.6187402035316,126.08666666666666,0.09888378202666202
232,B,1,"[2016-09-09 18:20:00,2016-09-09 18:40:00)",121.59651619652026,132.57625992063493,0.08281832456796981
233,B,1,"[2016-09-09 18:40:00,2016-09-09 19:00:00)",110.6558283823507,190.13466666666665,0.4180133990170964
234,B,1,"[2016-09-10 17:00:00,2016-09-10 17:20:00)",117.88616244183093,182.53015308966397,0.35415513302110735
235,B,1,"[2016-09-10 17:20:00,2016-09-10 17:40:00)",110.77771852198335,245.60074503927444,0.5489520257592514
236,B,1,"[2016-09-10 17:40:00,2016-09-10 18:00:00)",118.19167549755682,214.4615346469622,0.44889102984309465
237,B,1,"[2016-09-10 18:00:00,2016-09-10 18:20:00)",113.81541915196122,222.02753078775373,0.4873815028787462
238,B,1,"[2016-09-10 18:20:00,2016-09-10 18:40:00)",121.03189499836006,174.5011405228758,0.30641201177425154
239,B,1,"[2016-09-10 18:40:00,2016-09-10 19:00:00)",111.65031534939703,145.8683291740939,0.23458151621012713
240,B,1,"[2016-09-11 17:00:00,2016-09-11 17:20:00)",117.3028196544345,155.5849952221691,0.24605313329263664
241,B,1,"[2016-09-11 17:20:00,2016-09-11 17:40:00)",110.25456437417881,215.1272678571428,0.4874914487948857
242,B,1,"[2016-09-11 17:40:00,2016-09-11 18:00:00)",119.29409113136857,161.80480303030305,0.2627283683969073
243,B,1,"[2016-09-11 18:00:00,2016-09-11 18:20:00)",114.40561333825558,151.3411190476191,0.24405466235347348
244,B,1,"[2016-09-11 18:20:00,2016-09-11 18:40:00)",121.5891125473378,267.3815617715618,0.5452599209095135
245,B,1,"[2016-09-11 18:40:00,2016-09-11 19:00:00)",111.233841848749,470.48401685219545,0.7635757265614114
246,B,1,"[2016-09-12 17:00:00,2016-09-12 17:20:00)",118.19880225544594,121.89218253968254,0.030300386844203074
247,B,1,"[2016-09-12 17:20:00,2016-09-12 17:40:00)",109.52927511801109,100.24700000000001,0.0925940438916982
248,B,1,"[2016-09-12 17:40:00,2016-09-12 18:00:00)",119.84507252617202,165.48166666666665,0.27578036322550115
249,B,1,"[2016-09-12 18:00:00,2016-09-12 18:20:00)",114.55938683382479,146.6841111111111,0.2190061625212583
250,B,1,"[2016-09-12 18:20:00,2016-09-12 18:40:00)",123.75128372546853,147.08666666666667,0.15865056615962117
251,B,1,"[2016-09-12 18:40:00,2016-09-12 19:00:00)",112.94825571011667,172.64166666666668,0.34576479774030994
252,B,3,"[2016-09-06 08:00:00,2016-09-06 08:20:00)",85.49302567979066,74.985,0.14013503607108974
253,B,3,"[2016-09-06 08:20:00,2016-09-06 08:40:00)",89.60343274114636,55.3815,0.6179307664318655
254,B,3,"[2016-09-06 08:40:00,2016-09-06 09:00:00)",95.73933558017559,65.07869047619047,0.471131869428174
255,B,3,"[2016-09-06 09:00:00,2016-09-06 09:20:00)",100.73856182108696,59.05,0.7059874990869935
256,B,3,"[2016-09-06 09:20:00,2016-09-06 09:40:00)",92.50203875640611,55.188571428571436,0.6761085920864638
257,B,3,"[2016-09-06 09:40:00,2016-09-06 10:00:00)",87.66374068415894,101.85499999999999,0.1393280576882927
258,B,3,"[2016-09-07 08:00:00,2016-09-07 08:20:00)",84.55178499152022,46.31999999999999,0.8253839592297114
259,B,3,"[2016-09-07 08:20:00,2016-09-07 08:40:00)",91.42220185690918,65.3305,0.3993801035796325
260,B,3,"[2016-09-07 08:40:00,2016-09-07 09:00:00)",95.683334097318,79.64844444444446,0.2013208137926412
261,B,3,"[2016-09-07 09:00:00,2016-09-07 09:20:00)",102.10634585967922,90.51047619047621,0.1281163259466219
262,B,3,"[2016-09-07 09:20:00,2016-09-07 09:40:00)",93.13118337409618,82.4921626984127,0.12897007821917847
263,B,3,"[2016-09-07 09:40:00,2016-09-07 10:00:00)",88.85735106142374,103.73508228291317,0.14342044074263993
264,B,3,"[2016-09-08 08:00:00,2016-09-08 08:20:00)",84.58157624692778,78.58702380952381,0.07627916349056979
265,B,3,"[2016-09-08 08:20:00,2016-09-08 08:40:00)",91.56990936769097,61.46616666666667,0.4897611862519103
266,B,3,"[2016-09-08 08:40:00,2016-09-08 09:00:00)",95.83509630727954,103.83833333333332,0.07707401273826733
267,B,3,"[2016-09-08 09:00:00,2016-09-08 09:20:00)",102.76670367039226,79.1836111111111,0.2978279498542844
268,B,3,"[2016-09-08 09:20:00,2016-09-08 09:40:00)",96.20504556971025,103.08860000000001,0.06677318762976471
269,B,3,"[2016-09-08 09:40:00,2016-09-08 10:00:00)",90.45884006582456,100.4043675213675,0.0990547294013519
270,B,3,"[2016-09-09 08:00:00,2016-09-09 08:20:00)",84.74517355720803,71.86182142857142,0.17927950993341155
271,B,3,"[2016-09-09 08:20:00,2016-09-09 08:40:00)",92.07513108668927,101.8025,0.0955513755881312
272,B,3,"[2016-09-09 08:40:00,2016-09-09 09:00:00)",95.568522552446,110.52294444444445,0.13530603954833517
273,B,3,"[2016-09-09 09:00:00,2016-09-09 09:20:00)",101.2731967683486,117.62650301659126,0.1390273945824609
274,B,3,"[2016-09-09 09:20:00,2016-09-09 09:40:00)",93.1996397127332,124.72866666666667,0.25278091874575853
275,B,3,"[2016-09-09 09:40:00,2016-09-09 10:00:00)",87.32378587663212,91.56009615384616,0.046268084626034885
276,B,3,"[2016-09-10 08:00:00,2016-09-10 08:20:00)",85.91033793886176,90.07488095238094,0.0462342327792896
277,B,3,"[2016-09-10 08:20:00,2016-09-10 08:40:00)",91.56607337291418,104.74055555555555,0.1257820536922155
278,B,3,"[2016-09-10 08:40:00,2016-09-10 09:00:00)",96.14260926032328,113.49246103896104,0.15287228437738867
279,B,3,"[2016-09-10 09:00:00,2016-09-10 09:20:00)",106.986057992134,99.3808051948052,0.07652637531383502
280,B,3,"[2016-09-10 09:20:00,2016-09-10 09:40:00)",94.99082675402245,125.5024603174603,0.24311582009036503
281,B,3,"[2016-09-10 09:40:00,2016-09-10 10:00:00)",91.87385280572416,131.7580606060606,0.30270791492282983
282,B,3,"[2016-09-11 08:00:00,2016-09-11 08:20:00)",84.47060751475428,107.66224242424242,0.21541103349957774
283,B,3,"[2016-09-11 08:20:00,2016-09-11 08:40:00)",89.84237614470887,103.67334090909091,0.13340907742628014
284,B,3,"[2016-09-11 08:40:00,2016-09-11 09:00:00)",96.3079269268225,84.04745454545454,0.14587559430175548
285,B,3,"[2016-09-11 09:00:00,2016-09-11 09:20:00)",100.96963574816714,81.88472727272728,0.23307042852906132
286,B,3,"[2016-09-11 09:20:00,2016-09-11 09:40:00)",94.29904686407541,95.82347069597071,0.01590866852164024
287,B,3,"[2016-09-11 09:40:00,2016-09-11 10:00:00)",89.7237525126741,121.64894876079087,0.26243709109968655
288,B,3,"[2016-09-12 08:00:00,2016-09-12 08:20:00)",86.88022020730202,89.96797474747476,0.03432059628817427
289,B,3,"[2016-09-12 08:20:00,2016-09-12 08:40:00)",93.08340479522535,93.7147789269554,0.006737188509212305
290,B,3,"[2016-09-12 08:40:00,2016-09-12 09:00:00)",96.20082562754698,116.8409104988149,0.17665118136405894
291,B,3,"[2016-09-12 09:00:00,2016-09-12 09:20:00)",103.60041779285909,74.97466666666668,0.3818056471456013
292,B,3,"[2016-09-12 09:20:00,2016-09-12 09:40:00)",93.88511023307262,142.9331794871795,0.3431538389482638
293,B,3,"[2016-09-12 09:40:00,2016-09-12 10:00:00)",90.24909206635854,92.67882850241546,0.026216736608766996
294,B,3,"[2016-09-06 17:00:00,2016-09-06 17:20:00)",98.43094416783879,95.445,0.031284448298379126
295,B,3,"[2016-09-06 17:20:00,2016-09-06 17:40:00)",90.4350807949256,71.26152684082894,0.26905898321436567
296,B,3,"[2016-09-06 17:40:00,2016-09-06 18:00:00)",92.99389435879085,63.36083333333334,0.4676873624682574
297,B,3,"[2016-09-06 18:00:00,2016-09-06 18:20:00)",91.2795327874332,71.98333333333333,0.26806482223801614
298,B,3,"[2016-09-06 18:20:00,2016-09-06 18:40:00)",90.60744074374081,67.04782338008025,0.3513852676485255
299,B,3,"[2016-09-06 18:40:00,2016-09-06 19:00:00)",87.89330309664207,69.889,0.25761283029721527
300,B,3,"[2016-09-07 17:00:00,2016-09-07 17:20:00)",97.6838417550922,96.32166666666669,0.014141938522923359
301,B,3,"[2016-09-07 17:20:00,2016-09-07 17:40:00)",90.94868530181041,65.89083333333333,0.38029344448737806
302,B,3,"[2016-09-07 17:40:00,2016-09-07 18:00:00)",93.08545301844687,84.23503846153847,0.1050680894619581
303,B,3,"[2016-09-07 18:00:00,2016-09-07 18:20:00)",91.60723893319151,65.73266666666669,0.39363338776039536
304,B,3,"[2016-09-07 18:20:00,2016-09-07 18:40:00)",90.44487692950149,114.10978242769929,0.2073871757067983
305,B,3,"[2016-09-07 18:40:00,2016-09-07 19:00:00)",87.87580850204509,94.18257142857144,0.0669631634692564
306,B,3,"[2016-09-08 17:00:00,2016-09-08 17:20:00)",100.34277900602422,91.626,0.09513433966367855
307,B,3,"[2016-09-08 17:20:00,2016-09-08 17:40:00)",90.76564095701623,90.17170129870131,0.006586763361017759
308,B,3,"[2016-09-08 17:40:00,2016-09-08 18:00:00)",92.52450474958688,99.39684848484848,0.06914045907913446
309,B,3,"[2016-09-08 18:00:00,2016-09-08 18:20:00)",93.45650896418131,127.1806507936508,0.2651672374611963
310,B,3,"[2016-09-08 18:20:00,2016-09-08 18:40:00)",91.40320412283624,116.113,0.21280817718226
311,B,3,"[2016-09-08 18:40:00,2016-09-08 19:00:00)",87.52064531910393,82.9675,0.05487866115170317
312,B,3,"[2016-09-09 17:00:00,2016-09-09 17:20:00)",98.00115045488383,80.52757936507935,0.21698865441597845
313,B,3,"[2016-09-09 17:20:00,2016-09-09 17:40:00)",89.44869029209852,98.9011111111111,0.09557446537069945
314,B,3,"[2016-09-09 17:40:00,2016-09-09 18:00:00)",91.90761814868449,91.06296703296704,0.009275462278883024
315,B,3,"[2016-09-09 18:00:00,2016-09-09 18:20:00)",93.22430934343707,73.93222222222222,0.2609428817549612
316,B,3,"[2016-09-09 18:20:00,2016-09-09 18:40:00)",92.31468662929798,92.58427128427128,0.00291177595539491
317,B,3,"[2016-09-09 18:40:00,2016-09-09 19:00:00)",86.50388221864145,117.96259523809522,0.26668379884282495
318,B,3,"[2016-09-10 17:00:00,2016-09-10 17:20:00)",97.93859931385376,110.9930126134735,0.11761473080364933
319,B,3,"[2016-09-10 17:20:00,2016-09-10 17:40:00)",89.88485417435545,111.5636498011792,0.1943177340061763
320,B,3,"[2016-09-10 17:40:00,2016-09-10 18:00:00)",91.67504939057298,119.35420131362886,0.23190764647088502
321,B,3,"[2016-09-10 18:00:00,2016-09-10 18:20:00)",91.65371624403895,145.35811808934102,0.3694626935957846
322,B,3,"[2016-09-10 18:20:00,2016-09-10 18:40:00)",92.48854913773283,101.07764052287583,0.08497518680404016
323,B,3,"[2016-09-10 18:40:00,2016-09-10 19:00:00)",86.73562576562642,106.27260695187168,0.1838383544603652
324,B,3,"[2016-09-11 17:00:00,2016-09-11 17:20:00)",98.47624751057738,107.8651966873706,0.08704336027871466
325,B,3,"[2016-09-11 17:20:00,2016-09-11 17:40:00)",90.85382703245315,115.36583928571429,0.21247201428973134
326,B,3,"[2016-09-11 17:40:00,2016-09-11 18:00:00)",92.35459489489004,94.11917803030302,0.01874839084171394
327,B,3,"[2016-09-11 18:00:00,2016-09-11 18:20:00)",93.77514328495376,85.56173015873017,0.09599400469095752
328,B,3,"[2016-09-11 18:20:00,2016-09-11 18:40:00)",91.83525363443303,141.9708474858475,0.3531400617750928
329,B,3,"[2016-09-11 18:40:00,2016-09-11 19:00:00)",86.26234017309183,317.70357467532466,0.7284816821427107
330,B,3,"[2016-09-12 17:00:00,2016-09-12 17:20:00)",98.57261737658982,93.27861111111112,0.056754771564647484
331,B,3,"[2016-09-12 17:20:00,2016-09-12 17:40:00)",91.05930804348269,102.0588181818182,0.10777618567696755
332,B,3,"[2016-09-12 17:40:00,2016-09-12 18:00:00)",92.9367469052974,107.81866666666667,0.13802730289160758
333,B,3,"[2016-09-12 18:00:00,2016-09-12 18:20:00)",93.10862672323275,105.83911111111111,0.12028147491255624
334,B,3,"[2016-09-12 18:20:00,2016-09-12 18:40:00)",93.27250589684726,89.42533333333333,0.04302105924697629
335,B,3,"[2016-09-12 18:40:00,2016-09-12 19:00:00)",87.88833886407384,92.17205128205129,0.046475177219058056
336,C,1,"[2016-09-06 08:00:00,2016-09-06 08:20:00)",160.93816687773153,198.29532572751324,0.18839152517954916
337,C,1,"[2016-09-06 08:20:00,2016-09-06 08:40:00)",167.61968686887917,123.00083333333333,0.3627524491206361
338,C,1,"[2016-09-06 08:40:00,2016-09-06 09:00:00)",173.99837765159012,149.4278571428571,0.16443065555870834
339,C,1,"[2016-09-06 09:00:00,2016-09-06 09:20:00)",185.98203734981544,159.47333333333336,0.16622656253803403
340,C,1,"[2016-09-06 09:20:00,2016-09-06 09:40:00)",183.50981420547816,196.769375,0.06738630335397382
341,C,1,"[2016-09-06 09:40:00,2016-09-06 10:00:00)",184.52156391890938,181.89010416666667,0.014467305762997899
342,C,1,"[2016-09-07 08:00:00,2016-09-07 08:20:00)",164.98686953376767,145.9991650132275,0.1300535144760581
343,C,1,"[2016-09-07 08:20:00,2016-09-07 08:40:00)",170.96892576635187,183.26583333333332,0.06709874581267529
344,C,1,"[2016-09-07 08:40:00,2016-09-07 09:00:00)",173.3459793759879,125.79399999999998,0.37801468572418334
345,C,1,"[2016-09-07 09:00:00,2016-09-07 09:20:00)",189.6499760145399,193.2896428571429,0.01883011830744086
346,C,1,"[2016-09-07 09:20:00,2016-09-07 09:40:00)",189.66731180696948,249.26897222222223,0.23910581362737005
347,C,1,"[2016-09-07 09:40:00,2016-09-07 10:00:00)",185.41216845741297,215.91329656862743,0.14126563113967258
348,C,1,"[2016-09-08 08:00:00,2016-09-08 08:20:00)",163.84524872591342,225.8732096560847,0.27461406788620596
349,C,1,"[2016-09-08 08:20:00,2016-09-08 08:40:00)",171.01140850906071,174.2817916666667,0.018764915866030046
350,C,1,"[2016-09-08 08:40:00,2016-09-08 09:00:00)",176.84910253360022,162.6252678571429,0.08746386624833827
351,C,1,"[2016-09-08 09:00:00,2016-09-08 09:20:00)",191.2957993356823,154.6511111111111,0.2369506947689715
352,C,1,"[2016-09-08 09:20:00,2016-09-08 09:40:00)",188.8478491334916,482.5118229166667,0.6086150843062202
353,C,1,"[2016-09-08 09:40:00,2016-09-08 10:00:00)",187.7120591883932,177.62466666666666,0.0567904937474518
354,C,1,"[2016-09-09 08:00:00,2016-09-09 08:20:00)",164.74970285157536,200.85397123015872,0.17975381894347237
355,C,1,"[2016-09-09 08:20:00,2016-09-09 08:40:00)",169.75313105433403,171.36916666666664,0.009430142211498236
356,C,1,"[2016-09-09 08:40:00,2016-09-09 09:00:00)",175.6014824074631,177.15416666666667,0.008764593508687293
357,C,1,"[2016-09-09 09:00:00,2016-09-09 09:20:00)",187.69627032351002,204.1880128205128,0.08076743717320711
358,C,1,"[2016-09-09 09:20:00,2016-09-09 09:40:00)",185.3051835578525,190.9925654761905,0.029778027768557258
359,C,1,"[2016-09-09 09:40:00,2016-09-09 10:00:00)",182.78258763713467,215.6876794871795,0.15255897753770734
360,C,1,"[2016-09-10 08:00:00,2016-09-10 08:20:00)",165.47412296734262,194.26500000000001,0.1482041388446575
361,C,1,"[2016-09-10 08:20:00,2016-09-10 08:40:00)",169.3199604401014,221.38933333333333,0.23519368394697696
362,C,1,"[2016-09-10 08:40:00,2016-09-10 09:00:00)",175.53602547945232,183.81531818181818,0.045041364257665
363,C,1,"[2016-09-10 09:00:00,2016-09-10 09:20:00)",190.29950441865415,160.02675757575759,0.18917303144485242
364,C,1,"[2016-09-10 09:20:00,2016-09-10 09:40:00)",187.6132863415085,392.1838958333334,0.5216190967177331
365,C,1,"[2016-09-10 09:40:00,2016-09-10 10:00:00)",186.85431553206337,405.17471527777786,0.538830266335942
366,C,1,"[2016-09-11 08:00:00,2016-09-11 08:20:00)",162.68049882437575,222.0388333333333,0.26733312194919756
367,C,1,"[2016-09-11 08:20:00,2016-09-11 08:40:00)",168.61860571039162,209.1947575757576,0.19396352153170837
368,C,1,"[2016-09-11 08:40:00,2016-09-11 09:00:00)",175.22610961908413,183.73295454545453,0.046300049696669184
369,C,1,"[2016-09-11 09:00:00,2016-09-11 09:20:00)",186.28830092568086,204.22633585858586,0.08783409278481097
370,C,1,"[2016-09-11 09:20:00,2016-09-11 09:40:00)",186.49535314618254,202.08858974358975,0.07716040087761476
371,C,1,"[2016-09-11 09:40:00,2016-09-11 10:00:00)",185.66716952347065,183.71119047619044,0.010647032672371205
372,C,1,"[2016-09-12 08:00:00,2016-09-12 08:20:00)",163.1828517913829,180.65303030303033,0.09670570420182094
373,C,1,"[2016-09-12 08:20:00,2016-09-12 08:40:00)",169.92582103023614,255.43979853479854,0.3347715508510035
374,C,1,"[2016-09-12 08:40:00,2016-09-12 09:00:00)",174.30521818446934,161.92324404761902,0.07646816990159225
375,C,1,"[2016-09-12 09:00:00,2016-09-12 09:20:00)",190.14046537652672,164.52861111111116,0.15566808771101276
376,C,1,"[2016-09-12 09:20:00,2016-09-12 09:40:00)",187.02787636125515,230.53133333333335,0.18870951875845451
377,C,1,"[2016-09-12 09:40:00,2016-09-12 10:00:00)",184.99805733120047,173.66992063492066,0.06522797186101788
378,C,1,"[2016-09-06 17:00:00,2016-09-06 17:20:00)",186.9755530504015,165.3175,0.1310088348202791
379,C,1,"[2016-09-06 17:20:00,2016-09-06 17:40:00)",178.9507417440351,168.9633333333333,0.059109915824153904
380,C,1,"[2016-09-06 17:40:00,2016-09-06 18:00:00)",183.1276355112652,187.985,0.02583910678370517
381,C,1,"[2016-09-06 18:00:00,2016-09-06 18:20:00)",179.4745022668442,171.3862349877961,0.047193214085273924
382,C,1,"[2016-09-06 18:20:00,2016-09-06 18:40:00)",205.6126814830498,134.155,0.532650154545487
383,C,1,"[2016-09-06 18:40:00,2016-09-06 19:00:00)",182.86624974629197,158.93864364500712,0.15054618280704393
384,C,1,"[2016-09-07 17:00:00,2016-09-07 17:20:00)",186.44467578919563,157.23,0.1858085339260678
385,C,1,"[2016-09-07 17:20:00,2016-09-07 17:40:00)",175.09905599467163,135.54666666666668,0.2917990556364717
386,C,1,"[2016-09-07 17:40:00,2016-09-07 18:00:00)",188.60187097826432,195.44333333333333,0.03500483868334733
387,C,1,"[2016-09-07 18:00:00,2016-09-07 18:20:00)",177.22630496908837,164.9775,0.07424530599074651
388,C,1,"[2016-09-07 18:20:00,2016-09-07 18:40:00)",209.17773976532195,163.75000000000003,0.2774213115439506
389,C,1,"[2016-09-07 18:40:00,2016-09-07 19:00:00)",183.50027578007553,178.24233333333333,0.029498842101159235
390,C,1,"[2016-09-08 17:00:00,2016-09-08 17:20:00)",191.40504114848824,198.41483333333335,0.03532897247187556
391,C,1,"[2016-09-08 17:20:00,2016-09-08 17:40:00)",177.27541493909516,182.23427272727272,0.02721144444436569
392,C,1,"[2016-09-08 17:40:00,2016-09-08 18:00:00)",188.6154247753862,164.15699999999998,0.1489941018377908
393,C,1,"[2016-09-08 18:00:00,2016-09-08 18:20:00)",179.109416492403,211.55422222222222,0.15336401887426443
394,C,1,"[2016-09-08 18:20:00,2016-09-08 18:40:00)",209.534429324444,275.58500000000004,0.23967404131413547
395,C,1,"[2016-09-08 18:40:00,2016-09-08 19:00:00)",185.0162289806513,331.32067708333335,0.4415795880613987
396,C,1,"[2016-09-09 17:00:00,2016-09-09 17:20:00)",187.7818159668844,205.37027777777777,0.08564268403982524
397,C,1,"[2016-09-09 17:20:00,2016-09-09 17:40:00)",176.46670044786975,183.89166666666665,0.04037684987790038
398,C,1,"[2016-09-09 17:40:00,2016-09-09 18:00:00)",182.90686742417617,173.5564285714286,0.053875497034091835
399,C,1,"[2016-09-09 18:00:00,2016-09-09 18:20:00)",181.00426397526047,189.33166666666665,0.04398314786964416
400,C,1,"[2016-09-09 18:20:00,2016-09-09 18:40:00)",207.75784109668308,178.33983134920635,0.1649547917866619
401,C,1,"[2016-09-09 18:40:00,2016-09-09 19:00:00)",181.87615282149443,286.0026666666667,0.3640753250966387
402,C,1,"[2016-09-10 17:00:00,2016-09-10 17:20:00)",186.63385879984799,253.24743880394968,0.2630375269290296
403,C,1,"[2016-09-10 17:20:00,2016-09-10 17:40:00)",178.51175699202844,333.84113719613725,0.4652793286911499
404,C,1,"[2016-09-10 17:40:00,2016-09-10 18:00:00)",184.8523043814261,343.75363464696227,0.46225352767172656
405,C,1,"[2016-09-10 18:00:00,2016-09-10 18:20:00)",180.05447508312503,455.2661681963676,0.6045072362911379
406,C,1,"[2016-09-10 18:20:00,2016-09-10 18:40:00)",207.42507234019735,229.33573611111115,0.09553968405647115
407,C,1,"[2016-09-10 18:40:00,2016-09-10 19:00:00)",182.5440685822391,236.7896928104575,0.22908777651753728
408,C,1,"[2016-09-11 17:00:00,2016-09-11 17:20:00)",186.95421363628287,233.33106665074052,0.19875987231428732
409,C,1,"[2016-09-11 17:20:00,2016-09-11 17:40:00)",176.24072245711872,295.9991428571429,0.40459042970209813
410,C,1,"[2016-09-11 17:40:00,2016-09-11 18:00:00)",183.699865634159,220.29780303030302,0.166129379833669
411,C,1,"[2016-09-11 18:00:00,2016-09-11 18:20:00)",179.84178177287436,297.00311904761907,0.3944784743353487
412,C,1,"[2016-09-11 18:20:00,2016-09-11 18:40:00)",208.54070238465448,371.43346653346657,0.43855166221037134
413,C,1,"[2016-09-11 18:40:00,2016-09-11 19:00:00)",183.59575335012642,518.0499216141003,0.6456021983786953
414,C,1,"[2016-09-12 17:00:00,2016-09-12 17:20:00)",187.60254915345485,168.36801587301588,0.1142410165060433
415,C,1,"[2016-09-12 17:20:00,2016-09-12 17:40:00)",175.31264434098833,159.33599999999998,0.10027014824639971
416,C,1,"[2016-09-12 17:40:00,2016-09-12 18:00:00)",188.51658036558922,253.37500000000003,0.25597797586348614
417,C,1,"[2016-09-12 18:00:00,2016-09-12 18:20:00)",181.16766592067881,188.113,0.03692107445695505
418,C,1,"[2016-09-12 18:20:00,2016-09-12 18:40:00)",210.36574559359738,212.0266666666667,0.007833548011583374
419,C,1,"[2016-09-12 18:40:00,2016-09-12 19:00:00)",185.82072722505202,216.84583333333333,0.14307448582878607
420,C,3,"[2016-09-06 08:00:00,2016-09-06 08:20:00)",139.37123990196318,128.48054894179893,0.08476528976458281
421,C,3,"[2016-09-06 08:20:00,2016-09-06 08:40:00)",146.97198282410378,100.8315,0.457599885195636
422,C,3,"[2016-09-06 08:40:00,2016-09-06 09:00:00)",151.44089013592352,120.03119047619047,0.2616794812675253
423,C,3,"[2016-09-06 09:00:00,2016-09-06 09:20:00)",160.16099665866656,125.88666666666668,0.27226338499179054
424,C,3,"[2016-09-06 09:20:00,2016-09-06 09:40:00)",161.00395586869556,143.35857142857142,0.12308566041281993
425,C,3,"[2016-09-06 09:40:00,2016-09-06 10:00:00)",153.90782349509365,156.72010416666666,0.017944606957268475
426,C,3,"[2016-09-07 08:00:00,2016-09-07 08:20:00)",138.86753115400091,100.6491650132275,0.3797186607136848
427,C,3,"[2016-09-07 08:20:00,2016-09-07 08:40:00)",149.35661976710753,138.26383333333334,0.08022912547948205
428,C,3,"[2016-09-07 08:40:00,2016-09-07 09:00:00)",150.76016072153445,114.67844444444444,0.314633813284498
429,C,3,"[2016-09-07 09:00:00,2016-09-07 09:20:00)",161.9410386724223,148.80964285714288,0.08824290928435034
430,C,3,"[2016-09-07 09:20:00,2016-09-07 09:40:00)",164.26023956855468,142.73382936507937,0.15081505414120042
431,C,3,"[2016-09-07 09:40:00,2016-09-07 10:00:00)",155.85440129856997,174.40424894957982,0.1063612140342556
432,C,3,"[2016-09-08 08:00:00,2016-09-08 08:20:00)",139.0924065291229,193.58420965608468,0.28148888395272587
433,C,3,"[2016-09-08 08:20:00,2016-09-08 08:40:00)",149.75141016641638,126.64679166666667,0.18243350815045417
434,C,3,"[2016-09-08 08:40:00,2016-09-08 09:00:00)",152.21902482448712,144.66833333333335,0.05219311868172327
435,C,3,"[2016-09-08 09:00:00,2016-09-08 09:20:00)",164.03959525668515,130.3136111111111,0.2588063047137708
436,C,3,"[2016-09-08 09:20:00,2016-09-08 09:40:00)",164.3879885377937,140.2586,0.1720350020447494
437,C,3,"[2016-09-08 09:40:00,2016-09-08 10:00:00)",159.15267822382336,140.39244444444444,0.13362708978831586
438,C,3,"[2016-09-09 08:00:00,2016-09-09 08:20:00)",140.71443221561177,185.31097123015874,0.24065784512648994
439,C,3,"[2016-09-09 08:20:00,2016-09-09 08:40:00)",150.37201632897688,148.69464285714287,0.011280658399008625
440,C,3,"[2016-09-09 08:40:00,2016-09-09 09:00:00)",152.24383759190536,147.82083333333333,0.029921386308236
441,C,3,"[2016-09-09 09:00:00,2016-09-09 09:20:00)",160.9185146723149,176.7026696832579,0.08932606982812617
442,C,3,"[2016-09-09 09:20:00,2016-09-09 09:40:00)",161.2959413111706,171.55533333333332,0.05980223303363383
443,C,3,"[2016-09-09 09:40:00,2016-09-09 10:00:00)",153.69023952211705,158.73059615384616,0.03175415927275833
444,C,3,"[2016-09-10 08:00:00,2016-09-10 08:20:00)",141.59111059051267,140.24916666666667,0.009568284473557202
445,C,3,"[2016-09-10 08:20:00,2016-09-10 08:40:00)",149.08195636102755,165.225,0.09770339621106033
446,C,3,"[2016-09-10 08:40:00,2016-09-10 09:00:00)",152.08405907292445,166.8016277056277,0.08823396291238174
447,C,3,"[2016-09-10 09:00:00,2016-09-10 09:20:00)",166.38964960842088,133.0158051948052,0.2509013448795711
448,C,3,"[2016-09-10 09:20:00,2016-09-10 09:40:00)",163.824516154338,369.5808005952381,0.5567288238715699
449,C,3,"[2016-09-10 09:40:00,2016-09-10 10:00:00)",159.3561104121315,383.4836041666667,0.584451307224928
450,C,3,"[2016-09-11 08:00:00,2016-09-11 08:20:00)",138.95463902301353,178.23224242424243,0.22037316518600072
451,C,3,"[2016-09-11 08:20:00,2016-09-11 08:40:00)",147.54634036812428,177.4687575757576,0.16860667543051955
452,C,3,"[2016-09-11 08:40:00,2016-09-11 09:00:00)",152.61501616813032,141.35495454545452,0.07965806121818664
453,C,3,"[2016-09-11 09:00:00,2016-09-11 09:20:00)",161.4786288128666,156.3167272727273,0.0330220676328086
454,C,3,"[2016-09-11 09:20:00,2016-09-11 09:40:00)",162.88682985406572,168.91763736263738,0.03570265132009003
455,C,3,"[2016-09-11 09:40:00,2016-09-11 10:00:00)",156.93753202340554,162.14859788359792,0.032137594331424685
456,C,3,"[2016-09-12 08:00:00,2016-09-12 08:20:00)",139.33395187371377,136.88553030303032,0.017886635389900287
457,C,3,"[2016-09-12 08:20:00,2016-09-12 08:40:00)",150.2016216228663,160.37911226028874,0.06345895356313475
458,C,3,"[2016-09-12 08:40:00,2016-09-12 09:00:00)",151.31343341596838,149.6018995098039,0.011440589402758978
459,C,3,"[2016-09-12 09:00:00,2016-09-12 09:20:00)",164.0131898698339,133.9116666666667,0.2247864129575506
460,C,3,"[2016-09-12 09:20:00,2016-09-12 09:40:00)",162.9936941865645,201.13317948717952,0.1896230417967716
461,C,3,"[2016-09-12 09:40:00,2016-09-12 10:00:00)",156.47445738978007,152.37799516908214,0.026883555044495768
462,C,3,"[2016-09-06 17:00:00,2016-09-06 17:20:00)",167.0537303162251,157.965,0.0575363549914545
463,C,3,"[2016-09-06 17:20:00,2016-09-06 17:40:00)",158.1401682425635,135.77333333333334,0.1647365823620016
464,C,3,"[2016-09-06 17:40:00,2016-09-06 18:00:00)",158.17946092414795,118.44,0.3355239861883481
465,C,3,"[2016-09-06 18:00:00,2016-09-06 18:20:00)",158.54992544061412,131.88623498779612,0.20217189803989238
466,C,3,"[2016-09-06 18:20:00,2016-09-06 18:40:00)",176.56038993037663,112.63499999999999,0.5675446347083646
467,C,3,"[2016-09-06 18:40:00,2016-09-06 19:00:00)",158.2225846011756,122.949,0.28689606748469376
468,C,3,"[2016-09-07 17:00:00,2016-09-07 17:20:00)",165.95991313155963,147.14666666666668,0.12785370468167556
469,C,3,"[2016-09-07 17:20:00,2016-09-07 17:40:00)",156.3730534818541,104.17750000000001,0.5010252068042916
470,C,3,"[2016-09-07 17:40:00,2016-09-07 18:00:00)",160.97895549579562,164.37420512820512,0.020655610956484
471,C,3,"[2016-09-07 18:00:00,2016-09-07 18:20:00)",156.04809159538013,120.24766666666669,0.29772240843520265
472,C,3,"[2016-09-07 18:20:00,2016-09-07 18:40:00)",177.18846129396985,185.3516666666667,0.044041715510319136
473,C,3,"[2016-09-07 18:40:00,2016-09-07 19:00:00)",158.69050425163567,166.30090476190475,0.045762832867115105
474,C,3,"[2016-09-08 17:00:00,2016-09-08 17:20:00)",169.69994873079708,172.00033333333334,0.013374303165321011
475,C,3,"[2016-09-08 17:20:00,2016-09-08 17:40:00)",156.7440804500322,158.215367965368,0.009299270571856554
476,C,3,"[2016-09-08 17:40:00,2016-09-08 18:00:00)",162.07802692078837,146.8101818181818,0.10399718135023599
477,C,3,"[2016-09-08 18:00:00,2016-09-08 18:20:00)",158.57449473419032,202.37588888888888,0.21643583331583036
478,C,3,"[2016-09-08 18:20:00,2016-09-08 18:40:00)",177.79918800768024,168.66800000000003,0.05413705034553209
479,C,3,"[2016-09-08 18:40:00,2016-09-08 19:00:00)",160.51105410756338,162.8225,0.014196108599466347
480,C,3,"[2016-09-09 17:00:00,2016-09-09 17:20:00)",167.32462194004643,153.1620238095238,0.09246807908555457
481,C,3,"[2016-09-09 17:20:00,2016-09-09 17:40:00)",155.17980749970636,144.98111111111112,0.07034500087931542
482,C,3,"[2016-09-09 17:40:00,2016-09-09 18:00:00)",156.79972955210718,142.86296703296705,0.09755336045851606
483,C,3,"[2016-09-09 18:00:00,2016-09-09 18:20:00)",160.60983311516594,137.1772222222222,0.17081998391091294
484,C,3,"[2016-09-09 18:20:00,2016-09-09 18:40:00)",178.47601152946086,138.3478427128427,0.2900527252883078
485,C,3,"[2016-09-09 18:40:00,2016-09-09 19:00:00)",157.72420665778515,213.83059523809524,0.26238709440918395
486,C,3,"[2016-09-10 17:00:00,2016-09-10 17:20:00)",166.68629567187074,181.71029832775923,0.08268107418319796
487,C,3,"[2016-09-10 17:20:00,2016-09-10 17:40:00)",157.6188926444005,199.80404195804198,0.21113261223464236
488,C,3,"[2016-09-10 17:40:00,2016-09-10 18:00:00)",158.3356782744423,248.64630131362887,0.3632091953995072
489,C,3,"[2016-09-10 18:00:00,2016-09-10 18:20:00)",157.8927721752027,378.59675549795486,0.5829526537607752
490,C,3,"[2016-09-10 18:20:00,2016-09-10 18:40:00)",178.88172647957015,155.91223611111116,0.14732320529409726
491,C,3,"[2016-09-10 18:40:00,2016-09-10 19:00:00)",157.6293789984685,197.1939705882353,0.20063793772063354
492,C,3,"[2016-09-11 17:00:00,2016-09-11 17:20:00)",168.1276414924258,185.611268115942,0.09419485573793437
493,C,3,"[2016-09-11 17:20:00,2016-09-11 17:40:00)",156.83998511539303,196.2377142857143,0.20076532848807924
494,C,3,"[2016-09-11 17:40:00,2016-09-11 18:00:00)",156.7603693976805,152.612178030303,0.027181260505657896
495,C,3,"[2016-09-11 18:00:00,2016-09-11 18:20:00)",159.21131171957256,231.22373015873012,0.31144043212918754
496,C,3,"[2016-09-11 18:20:00,2016-09-11 18:40:00)",178.78684347174973,246.02275224775227,0.2732914259421582
497,C,3,"[2016-09-11 18:40:00,2016-09-11 19:00:00)",158.62425167446924,365.2694794372295,0.5657336278988829
498,C,3,"[2016-09-12 17:00:00,2016-09-12 17:20:00)",167.97636427459867,139.75444444444446,0.2019393368299858
499,C,3,"[2016-09-12 17:20:00,2016-09-12 17:40:00)",156.8426772664599,161.1478181818182,0.026715477528221537
500,C,3,"[2016-09-12 17:40:00,2016-09-12 18:00:00)",161.6082547447146,195.71200000000002,0.17425474807515848
501,C,3,"[2016-09-12 18:00:00,2016-09-12 18:20:00)",159.71690581008679,147.26800000000003,0.08453232073557565
502,C,3,"[2016-09-12 18:20:00,2016-09-12 18:40:00)",179.88696776497616,154.36533333333333,0.16533268111779958
503,C,3,"[2016-09-12 18:40:00,2016-09-12 19:00:00)",160.7608103790092,136.37621794871794,0.17880384715948563
