,0,1,2,3,4,5,6,7,8,9,10,11,12,13,14,15,16,17,18,19,20,21,22,23,24,25,26,27,28,29,30,31,32,33,34,35,36,37,38,39,40,41,42,43,44
0,0.5135540446936477,-0.7760297022395198,-1.2117591260841298,-0.6252736173508536,1.1477943909093578,0.7960506141166439,0.17168080743228564,-0.10485263154673631,-0.8625687650649823,-0.8640345739405625,-0.8654003599132182,0.38032117077145555,0.24282203271242858,-0.16870708572401985,-0.9207798163663942,-0.9237288976703987,-0.6843272031212919,0.4753572642651627,0.24308652980416623,-0.21180114690741783,0.0,1.0,0.0,0.0,0.0,0.0,0.0,0.0,0.0,0.0,0.0,0.0,0.0,1.0,0.0,0.0,0.0,0.0,0.0,0.0,0.0,1.0,0.0,0.0,0.0
1,0.7106826524561553,-0.7995255693609051,0.5282720363277182,0.8521138267244415,0.505576540024243,-0.826375573000989,0.004364329094174087,0.2860939661379809,-0.9848127838305126,-0.9842523467043215,1.1181099872316782,1.3250169252475292,-1.2046572377144624,-0.16870708572401985,-0.9207798163663942,-0.9237288976703987,0.2708070010317223,1.4517961569439841,-1.3450787982497199,-0.21180114690741783,0.0,0.0,1.0,0.0,0.0,0.0,0.0,0.0,0.0,0.0,0.0,0.0,1.0,0.0,0.0,0.0,0.0,0.0,0.0,0.0,0.0,1.0,0.0,0.0,0.0
2,0.2704287617865543,-0.7189683106590133,2.7203273422347216,-0.7591013238463513,0.7976011168175206,-0.31713478820676966,1.3726457006024322,0.6617081025982379,-0.5508465172128745,-0.5574792533928787,1.0614382630275385,1.3719583291966506,-1.0502594488689272,-0.16870708572401985,-0.6554826132972853,-0.6624471044097674,0.13435925758129183,1.5583167634180375,-1.235550154935659,-0.21180114690741783,0.0,0.0,0.0,1.0,0.0,0.0,0.0,0.0,0.0,0.0,0.0,0.0,1.0,0.0,0.0,0.0,0.0,0.0,0.0,0.0,0.0,1.0,0.0,0.0,0.0
3,-0.47756478877896136,-1.0663714888109237,0.1460585713646349,-1.422957183699016,0.6989378949311317,-1.2226363468131296,0.17292084213569806,-1.247944600587573,-0.6241929284721718,-0.6296099170511464,0.06968308945509023,1.3954290311712114,-0.9537608308404675,-0.16870708572401985,-0.6908555737065079,-0.6972846768445262,-0.7525510748465073,1.487303025768669,-1.071257189964567,-0.21180114690741783,0.0,0.0,0.0,0.0,1.0,0.0,0.0,0.0,0.0,0.0,0.0,0.0,1.0,0.0,0.0,0.0,0.0,0.0,0.0,0.0,0.0,0.0,1.0,0.0,0.0
4,0.040308491197126595,-0.462192048546732,-0.6960327384284622,-0.7009919249733058,1.7900122417944724,-0.37030185219833606,0.06620583947920408,-0.22671765109604575,-0.7036515406698031,-0.7077514693476185,-1.0354155325256373,1.524517892031296,-1.0695591724746187,-0.16870708572401985,-0.7439150143203216,-0.7495410354966445,-0.9572226900221531,1.6293305010674062,-1.071257189964567,-0.21180114690741783,0.0,0.0,0.0,0.0,0.0,1.0,0.0,0.0,0.0,0.0,0.0,0.0,1.0,0.0,0.0,0.0,0.0,0.0,0.0,0.0,0.0,0.0,1.0,0.0,0.0
5,0.8585291082780359,-0.4907227443369859,-1.6253873963866454,-1.3701304574507935,1.7250522752681614,-0.3876434531487103,0.7180285278480215,-0.553724457485458,-0.4897245078300988,-0.5093921442873669,-1.2904382914442671,1.6653421038786604,-1.2818561321372293,-0.16870708572401985,-0.5139907716604352,-0.523096814670772,-1.4347897920986603,1.8778785828401967,-1.454607441563781,-0.21180114690741783,0.0,0.0,0.0,0.0,0.0,0.0,1.0,0.0,0.0,0.0,0.0,0.0,0.0,1.0,0.0,0.0,0.0,0.0,0.0,0.0,1.0,0.0,0.0,0.0,0.0
6,-0.2530572077161056,-0.3514258178316299,0.7673736103000587,-0.49848947435512,-1.1804298639086321,-0.7192107096429892,-0.3148929882653813,-0.7628707590965821,-0.61196852659565,-0.6296099170511464,-0.21367553156560895,1.5597239449931364,-0.934461107234775,-0.16870708572401985,-0.6554826132972853,-0.6624471044097674,0.7483741031082293,1.5583167634180375,-0.7974355816794144,-0.21180114690741783,1.0,0.0,0.0,0.0,0.0,0.0,0.0,0.0,0.0,0.0,0.0,1.0,0.0,0.0,0.0,0.0,0.0,0.0,1.0,0.0,0.0,0.0,0.0,0.0,0.0
7,-0.8553946203237682,-0.35184538688736855,-0.23877279404340243,-0.21641676732554654,0.1069585636127932,-0.8089301301287563,-0.9127286375366431,-0.8542188830075688,-0.9787005828922621,-0.9962741239806892,-0.8370644978111478,1.5831946469676972,-1.0888588960803105,-0.16870708572401985,-1.0092122173894305,-1.0282416149746552,-1.0254465617473685,1.7713579763661433,-1.235550154935659,-0.21180114690741783,0.0,1.0,0.0,0.0,0.0,0.0,0.0,0.0,0.0,0.0,0.0,0.0,0.0,1.0,0.0,0.0,0.0,0.0,0.0,0.0,0.0,0.0,0.0,1.0,0.0
8,-0.4447100208185436,-0.673654852639199,-0.5677556166257823,0.14071391324837454,0.9103811799143898,1.8527460109490186,0.4660693103345889,0.42828874299899367,-0.9725883819539491,-0.9902632353425053,-0.7520569115049383,1.5714592959804174,-1.1274583432916945,-0.16870708572401985,-0.9207798163663942,-0.941147683887778,-0.13853622931956963,1.664837369892091,-1.235550154935659,-0.21180114690741783,0.0,0.0,1.0,0.0,0.0,0.0,0.0,0.0,0.0,0.0,0.0,0.0,1.0,0.0,0.0,0.0,0.0,0.0,0.0,0.0,0.0,0.0,1.0,0.0,0.0
9,-0.1087309056042699,0.756236489319388,-0.2968574601657891,-1.280325022828815,4.48289812688516,-0.6893042361477326,2.3044215305981437,0.8453487169525086,-0.7281003444228883,-0.7438168011767625,-0.07199622105525974,1.5597239449931364,-1.0502594488689263,-0.16870708572401985,-0.7439150143203216,-0.7495410354966445,-0.6843272031212919,1.6293305010674062,-1.1260215116215977,-0.21180114690741783,0.0,0.0,0.0,1.0,0.0,0.0,0.0,0.0,0.0,0.0,0.0,1.0,0.0,0.0,0.0,0.0,0.0,0.0,0.0,1.0,0.0,0.0,0.0,0.0,0.0
10,-0.24691090758745574,0.19569223085205384,0.03959728660322803,2.834876951907732,0.4831197550593644,-0.030219558111658596,0.6369844804626899,1.14754560979419,-0.605856325657337,-0.6235990284129626,0.38137757257785965,1.524517892031296,-1.0502594488689263,-0.16870708572401985,-0.6377961330926941,-0.645028318192388,1.6352844355360288,1.6293305010674062,-1.1260215116215977,-0.21180114690741783,0.0,0.0,0.0,0.0,1.0,0.0,0.0,0.0,0.0,1.0,0.0,0.0,0.0,0.0,0.0,0.0,0.0,0.0,1.0,0.0,0.0,0.0,0.0,0.0,0.0
11,1.1596978145818677,-0.7223248631049252,0.2647367248691541,0.565969059546568,0.9809653859667874,0.9538903353416055,-0.19505625079537145,1.0910481804222576,-0.4530513022004292,-0.46130503518185517,0.5513927451902795,1.2604724948174868,-0.722164147572165,-0.16870708572401985,-0.5847366924788602,-0.5927719595402697,-0.13853622931956963,1.2920152472329045,-0.6331426167083227,-0.21180114690741783,0.0,0.0,0.0,0.0,0.0,1.0,0.0,0.0,0.0,1.0,0.0,0.0,0.0,0.0,0.0,0.0,0.0,0.0,1.0,0.0,0.0,0.0,0.0,0.0,0.0
12,-1.0306200494459976,-0.4504441149860398,-0.04024867696782806,0.4136519988641922,-1.532788470218013,0.6099658901461629,-0.050903777119443896,-0.6436702221381099,-0.4530513022004292,-0.46130503518185517,0.8064155041089088,1.019897799578237,-0.5098671879095548,-0.16870708572401985,-0.5493637320696577,-0.5579343871055109,1.2941650769099522,0.9902068622230865,-0.2497923651091088,-0.21180114690741783,0.0,0.0,0.0,0.0,0.0,0.0,1.0,0.0,0.0,1.0,0.0,0.0,0.0,0.0,0.0,0.0,0.0,0.0,1.0,0.0,0.0,0.0,0.0,0.0,0.0
13,-0.19556136378537345,-0.9405007720892171,-0.9744028190750917,-1.7504828864379969,0.43853330926531014,0.9081998897238533,0.35873286969117824,-0.904077933421923,-0.605856325657337,-0.6115772511365949,-0.4970341525863085,0.8614705612499531,-0.2589707810355598,-0.16870708572401985,-0.6731690935018966,-0.6798658906271468,-0.6161033313960765,1.0079602966354289,-0.30455668676613934,-0.21180114690741783,1.0,0.0,0.0,0.0,0.0,0.0,0.0,0.0,0.0,1.0,0.0,0.0,0.0,0.0,0.0,0.0,0.0,0.0,1.0,0.0,0.0,0.0,0.0,0.0,0.0
14,-0.2444174653761749,-1.3181129222543368,-0.6842521864261745,-0.746775087721766,-0.3861466368369274,-2.349113515134435,0.025395245891907236,-2.0851500568582355,-0.9298029753860292,-0.9301543489606259,-0.4403624283821688,1.2193987663620027,-0.7800633183892406,-0.16870708572401985,-1.044585177798653,-1.0456604011920345,-0.8889988182969379,1.061220599872455,-0.46884965173723103,-0.21180114690741783,0.0,1.0,0.0,0.0,0.0,0.0,0.0,0.0,0.0,0.0,0.0,1.0,0.0,0.0,0.0,0.0,0.0,0.0,1.0,0.0,0.0,0.0,0.0,0.0,0.0
15,-1.2003696839081568,-0.49273667580453256,0.5841205791533748,-0.44038007548207436,-0.3005175900522452,-1.3572154775417813,-0.07993146729995315,-1.1444371315199928,-0.34303168531144146,-0.3531090396944434,-0.4970341525863085,0.5622191110743009,0.049824796655510865,-0.16870708572401985,-0.3724989300235851,-0.38374652493175676,-0.8889988182969379,0.5996313051515587,-0.08549940013801711,-0.21180114690741783,0.0,0.0,1.0,0.0,0.0,0.0,0.0,0.0,0.0,0.0,1.0,0.0,0.0,0.0,0.0,0.0,0.0,1.0,0.0,0.0,0.0,0.0,0.0,0.0,0.0
16,0.9078112602186628,-0.4468190383444542,1.0762858628044691,-1.3595651122011487,-0.6577974059469529,0.2078899687099447,0.3366066136066507,-0.08309424856519274,-0.34914388624977527,-0.3531090396944434,-0.5537058767904486,0.5328807336061003,0.10772396747258652,0.07701066545788589,-0.3548124498189738,-0.34890895249701775,-0.47965558794564617,-0.12825950575447198,1.0645513546596246,0.4577637691224837,0.0,0.0,0.0,1.0,0.0,0.0,0.0,0.0,0.0,0.0,0.0,0.0,0.0,1.0,0.0,0.0,0.0,0.0,0.0,0.0,1.0,0.0,0.0,0.0,0.0
17,-0.7130239591619572,0.967699293411855,0.7883168138596802,-1.3608857803573546,-0.25061886145800333,-0.42637649000194033,0.12499208948159302,-0.32355908859463633,-0.4775001059535353,-0.48534858973459055,-1.6021327745670362,0.6619695944661862,-0.12387271579571689,-0.16870708572401985,-0.5847366924788602,-0.5927719595402697,-2.048804637625598,0.6528916083885848,-0.030735078480986555,-0.21180114690741783,0.0,0.0,0.0,0.0,1.0,0.0,0.0,0.0,0.0,1.0,0.0,0.0,0.0,0.0,0.0,0.0,1.0,0.0,0.0,0.0,0.0,0.0,0.0,0.0,0.0
18,-0.6363628339209825,-0.11278836513705791,0.44537185557088504,-0.7705471145334661,-0.06429952995657016,0.02346671548919951,-0.6663907697554455,-0.38442572674683484,-0.9603639800774274,-0.9602087921515655,-2.0271707060980857,-0.12429892168160145,1.3236065546311742,-0.16870708572401985,-0.9561527767756168,-0.9585664701051575,-0.8889988182969379,0.26231605131705643,0.6812011030604107,-0.21180114690741783,0.0,0.0,0.0,0.0,0.0,1.0,0.0,0.0,0.0,0.0,1.0,0.0,0.0,0.0,0.0,0.0,0.0,0.0,0.0,1.0,0.0,0.0,0.0,0.0,0.0
19,-0.3790004848977076,0.006648959396650662,3.3852740552526894,3.595581809882139,-0.16469220549723276,0.5767364751514342,2.4006366535804142,2.51887345186089,-1.2048520176084883,-1.200644337679145,1.5431479187627273,0.8145291573008304,-0.31686995185263545,-0.16870708572401985,-1.2037634996401145,-1.2024294771484094,2.385747024513397,0.6883984772132697,-0.14026372179504767,-0.21180114690741783,0.0,0.0,0.0,0.0,0.0,0.0,1.0,0.0,0.0,1.0,0.0,0.0,0.0,0.0,0.0,0.0,0.0,0.0,1.0,0.0,0.0,0.0,0.0,0.0,0.0
20,-2.262673847961671,0.08987989859684706,-0.9778933530016949,-1.0320394094621685,-0.6194119711814056,0.2677029157004561,0.04587135463652348,-1.5494685408292637,-1.0764957979046657,-1.0744156762771613,1.2031175735378878,0.791058455326271,-0.5677663587266296,-0.16870708572401985,-1.044585177798653,-1.0456604011920345,1.2941650769099522,0.6883984772132697,-0.5236139733942616,-0.21180114690741783,1.0,0.0,0.0,0.0,0.0,0.0,0.0,0.0,0.0,1.0,0.0,0.0,0.0,0.0,0.0,0.0,0.0,0.0,1.0,0.0,0.0,0.0,0.0,0.0,0.0
21,0.026208319947447493,0.7260275173061781,1.2647746948410592,2.203597573241471,-0.15925108755588102,0.01349789099078109,0.21123679937051734,1.4648636297951216,-1.0581591950898517,-1.0503721217243849,-0.46869829048423867,0.19842323046860894,0.8411134644888775,0.7790613831204738,-1.0268986975940417,-1.0108228287572758,0.13435925758129183,-0.03949233369276096,1.2836086412877468,0.6490680308453127,0.0,1.0,0.0,0.0,0.0,0.0,0.0,0.0,0.0,1.0,0.0,0.0,0.0,0.0,0.0,0.0,0.0,0.0,1.0,0.0,0.0,0.0,0.0,0.0,0.0
22,3.087177534926388,0.02165580702210598,-1.8505268346525714,0.06147382387604125,-0.6784664862053245,-1.2076831100655014,1.5764294602950681,-0.24474545374025886,-0.7464369472377231,-0.7498276898149464,0.5797286072923489,0.6737049454534647,0.24282203271242941,-0.16870708572401985,-0.6908555737065079,-0.6972846768445262,1.0212695900090907,0.6173847395638999,0.46214381643228847,-0.21180114690741783,0.0,0.0,1.0,0.0,0.0,0.0,0.0,0.0,0.0,1.0,0.0,0.0,0.0,0.0,0.0,0.0,0.0,0.0,0.0,1.0,0.0,0.0,0.0,0.0,0.0
23,0.44784450877281123,-0.6014889750520876,0.0003287799289380123,0.8343948622953493,-0.3154622907429887,-0.4101771501920106,-0.5788158563630481,-0.028754064797777982,-0.4775001059535353,-0.48534858973459055,0.4947210209861394,0.7323817003898685,-0.10457299219002529,-0.16870708572401985,-0.44324485084201015,-0.4534216698012545,0.2708070010317223,0.6883984772132697,-0.08549940013801711,-0.21180114690741783,0.0,0.0,0.0,1.0,0.0,0.0,0.0,0.0,0.0,1.0,0.0,0.0,0.0,0.0,0.0,0.0,0.0,0.0,1.0,0.0,0.0,0.0,0.0,0.0,0.0
24,-0.8992009776043256,-0.22968022947589625,-0.3269087756901404,2.4730138771074066,2.055757559402106,1.4689462677599014,1.2363934191303159,1.5681881687206365,-0.8320077603736048,-0.8339801307495407,0.18302653786337036,0.7617200778580691,0.08842424386689408,-0.16870708572401985,-0.903093336161803,-0.9063101114530193,1.567060563810813,0.7771656492749808,0.24308652980416623,-0.21180114690741783,0.0,0.0,0.0,0.0,1.0,0.0,0.0,0.0,0.0,1.0,0.0,0.0,0.0,0.0,0.0,0.0,0.0,0.0,1.0,0.0,0.0,0.0,0.0,0.0,0.0
25,0.4073236282882958,0.31289405948961857,-0.10864132609221565,-1.613133398192618,-1.3930261179947392,-0.42513038693963867,-0.19690085189314496,-0.9550269188332535,-1.0214859894601822,-1.0203176785334656,-0.8654003599132182,0.8732059122372329,0.030525073049818434,-0.16870708572401985,-1.0268986975940417,-1.0282416149746552,-0.0020884858691388904,0.794919083687322,0.2978508514611968,-0.21180114690741783,0.0,0.0,0.0,0.0,0.0,1.0,0.0,0.0,0.0,0.0,1.0,0.0,0.0,0.0,0.0,0.0,0.0,0.0,1.0,0.0,0.0,0.0,0.0,0.0,0.0
26,0.4835466899564649,0.2538749940872529,-1.461332301836281,-0.0785170006817487,-0.6233489388496669,-1.0456897119661985,-0.5901060435743817,-0.8799034551266156,-1.1437300082257333,-1.1405354512972246,-0.15700380736146927,1.0022947730973162,-0.548466635120938,-0.16870708572401985,-1.168390539230912,-1.1675919047136507,-1.0254465617473685,1.149987771934166,-0.5783782950512921,-0.21180114690741783,0.0,0.0,0.0,0.0,0.0,0.0,1.0,0.0,0.0,1.0,0.0,0.0,0.0,0.0,0.0,0.0,0.0,0.0,0.0,1.0,0.0,0.0,0.0,0.0,0.0
27,-0.6254112446008424,-0.7592469400099595,1.4742067304372697,1.0651816225922726,-0.9412590780617618,0.05550936566268874,0.6069985567678055,0.13076598352430702,-1.4310034523247144,-1.4230472172921524,-0.9220720841173576,1.1020452564892003,-0.47126774069817073,-0.16870708572401985,-1.3983147818907984,-1.394036125539543,-0.27498397277000003,1.1677412063465085,-0.46884965173723103,-0.21180114690741783,1.0,0.0,0.0,0.0,0.0,0.0,0.0,0.0,0.0,1.0,0.0,0.0,0.0,0.0,0.0,0.0,0.0,0.0,1.0,0.0,0.0,0.0,0.0,0.0,0.0
28,-0.1584354759901016,-0.8549086847184566,-0.08780720171779945,0.30348626350071184,-0.017055917937436313,0.4247119015505502,-0.6202176463598195,-0.14160846770769558,-1.3943302466950656,-1.3869818854629878,0.2680341241695799,1.0727068790209997,-0.722164147572165,-0.16870708572401985,-1.3983147818907984,-1.394036125539543,0.5437024879325835,1.149987771934166,-0.6331426167083227,-0.21180114690741783,0.0,1.0,0.0,0.0,0.0,0.0,0.0,0.0,0.0,1.0,0.0,0.0,0.0,0.0,0.0,0.0,0.0,0.0,1.0,0.0,0.0,0.0,0.0,0.0,0.0
29,0.02675589941345464,3.887899921355447,0.1181342999518062,0.04826714231398492,-0.7672451071246152,0.9206609203468767,1.5909482136599096,1.614720291023611,-1.5104620645223454,-1.501188769588604,0.18302653786337036,1.0551038525400789,-0.5291669115152464,-0.16870708572401985,-1.4867471829138348,-1.48113005662642,0.47547861620736837,1.0257137310477713,-0.5236139733942616,-0.21180114690741783,0.0,0.0,1.0,0.0,0.0,0.0,0.0,0.0,0.0,0.0,1.0,0.0,0.0,0.0,0.0,0.0,0.0,0.0,0.0,1.0,0.0,0.0,0.0,0.0,0.0
30,-0.06838603280525625,0.11700014364890075,0.29091572931867987,-0.18681178949060526,-0.6420889049505905,-0.5447562809206624,-1.0412372028412482,-0.3497878510547403,-1.5593596720285576,-1.5612976559705039,0.46638515888406956,1.2487371438302057,-0.7800633183892406,-0.16870708572401985,-1.5574931037322597,-1.5508052014959177,0.8848218465586599,1.363028984882273,-0.6879069383653532,-0.21180114690741783,0.0,0.0,0.0,1.0,0.0,0.0,0.0,0.0,0.0,0.0,0.0,1.0,0.0,0.0,0.0,0.0,0.0,0.0,0.0,1.0,0.0,0.0,0.0,0.0,0.0
31,-0.20636921349568726,-1.2425904922213127,0.9139760352174067,0.3757928450529656,-0.7319830000425552,0.19087176117335855,0.17783180198214216,-0.23268595112160492,-1.3087594335592048,-1.3148512218047201,-0.15700380736146927,1.2487371438302057,-0.7800633183892406,-0.16870708572401985,-1.2568229402539484,-1.2546858358005277,0.7483741031082293,0.9369465589860604,-0.3593210084231699,-0.21180114690741783,0.0,0.0,0.0,0.0,1.0,0.0,0.0,0.0,0.0,0.0,1.0,0.0,0.0,0.0,0.0,0.0,0.0,0.0,0.0,0.0,0.0,0.0,0.0,0.0,1.0
32,-0.30876657363898863,0.032930586437943415,0.31784270532390796,0.3440968093040327,-0.6971036537060205,0.09823289922733944,-0.9310913840022255,-0.04177257754121997,-1.29042283074437,-1.2968185558901482,-0.38369070417802875,1.2252664418556451,-0.5291669115152455,-0.16870708572401985,-1.168390539230912,-1.1675919047136507,-0.47965558794564617,0.4753572642651627,0.3526151731182274,-0.21180114690741783,0.0,0.0,0.0,0.0,0.0,1.0,0.0,0.0,0.0,0.0,0.0,0.0,0.0,0.0,0.0,1.0,0.0,0.0,0.0,0.0,0.0,0.0,0.0,0.0,1.0
33,-0.07995136744354428,-0.5830279365995704,0.16578632114624142,-0.26605187886293946,-0.8615354827794718,0.05718270406063691,-0.8393587436091843,-0.5301195235154174,-1.0092615875836395,-1.0082959012570774,0.013011365250950545,0.4331302502142175,0.5902170576148824,9.379182674487176,-0.8854068559571917,-0.88889132523564,1.2941650769099522,-0.3235472842902365,1.5574302495728995,8.46065871786083,0.0,0.0,0.0,0.0,0.0,0.0,1.0,0.0,0.0,0.0,0.0,0.0,0.0,0.0,0.0,1.0,0.0,0.0,0.0,0.0,0.0,0.0,0.0,0.0,1.0
34,-0.09773591191971093,-0.3403659962967167,-0.2623338980479761,-0.3068039248258543,-0.09935947687344397,-0.086730331987069,-1.4026560416071194,-0.42605104970118296,-0.5936319237808153,-0.5995554738601861,0.7780796420068382,0.8086614818071906,-0.12387271579571689,-0.16870708572401985,-0.5670502122742489,-0.5753531733228903,-0.6843272031212919,0.9191931245737179,-0.3593210084231699,-0.21180114690741783,1.0,0.0,0.0,0.0,0.0,0.0,0.0,0.0,0.0,0.0,1.0,0.0,0.0,0.0,0.0,0.0,0.0,0.0,1.0,0.0,0.0,0.0,0.0,0.0,0.0
35,-0.06740392078482439,-1.1267894328373425,0.9768056458962694,0.230519347870354,-1.1627135094014565,-0.010392673831469804,0.19223416048152017,-0.3830907438019662,-0.7036515406698031,-0.7077514693476185,-1.2054307051380573,0.650234243478904,0.030525073049818434,-0.16870708572401985,-0.8146609351387667,-0.8192161803661422,-1.2301181769230145,0.9014396901613755,-0.5783782950512921,-0.21180114690741783,0.0,1.0,0.0,0.0,0.0,0.0,0.0,0.0,0.0,0.0,1.0,0.0,0.0,0.0,0.0,0.0,0.0,0.0,0.0,1.0,0.0,0.0,0.0,0.0,0.0
36,-1.1373980453173556,-0.1971182571501196,0.27520832664896444,-0.4667934386061856,0.09653268166760047,-0.5397718686714532,-0.5685693743115587,-0.7004516386129557,-0.9970371857070761,-0.9962741239806892,-0.4403624283821688,0.867338236743593,-0.6642649767550893,-0.16870708572401985,-0.9915257371848394,-0.9934040425398964,-0.20676010104478468,0.9546999933984028,-0.9069642249934755,-0.21180114690741783,0.0,0.0,1.0,0.0,0.0,0.0,0.0,0.0,0.0,0.0,0.0,1.0,0.0,0.0,0.0,0.0,0.0,0.0,0.0,1.0,0.0,0.0,0.0,0.0,0.0
37,1.2144557611825642,1.5416697616628363,-1.3042582751391232,-0.47261515945802957,2.274259264990605,0.21785879320836313,0.6662217915872701,1.1559891799091428,-1.137617807287462,-1.1345245626590406,0.8064155041089088,0.955353369148196,-1.0116600016575432,-0.16870708572401985,-1.1507040590263007,-1.1501731184962711,-0.20676010104478468,1.0079602966354289,-1.235550154935659,-0.21180114690741783,0.0,0.0,0.0,1.0,0.0,0.0,0.0,0.0,0.0,1.0,0.0,0.0,0.0,0.0,0.0,0.0,0.0,0.0,0.0,1.0,0.0,0.0,0.0,0.0,0.0
38,-0.15059648842757936,-1.1217546041684743,0.5265267693644172,-2.1783793690486006,1.1256489477753884,-0.15088940954710045,0.8864560440925279,-0.7512194105431046,-0.4836123068918066,-0.4913594783728154,1.9965217123958463,0.650234243478904,-0.33616967545832704,-0.16870708572401985,-0.3548124498189738,-0.36632773871437735,2.931537998315119,0.36883665779110925,0.024029243176044005,-0.21180114690741783,0.0,0.0,0.0,0.0,1.0,0.0,0.0,0.0,1.0,0.0,0.0,0.0,0.0,0.0,0.0,0.0,0.0,0.0,0.0,0.0,0.0,0.0,0.0,0.0,1.0
39,0.14393790513894514,-0.13729654214852227,0.28393466146547364,-0.028331610745937284,0.3239656379624933,-0.16372122505910663,-1.152460480382016,0.13069107945153088,-0.10465584871865191,-0.10065171689049626,1.2314534356399582,-0.042151464770638254,-0.7414638711778565,-0.16870708572401985,-0.07182876654525357,-0.0702083730190071,1.3623889486351672,0.08478170719363436,-1.0164928683075367,-0.21180114690741783,0.0,0.0,0.0,0.0,0.0,1.0,0.0,0.0,0.0,0.0,0.0,0.0,0.0,0.0,0.0,1.0,0.0,0.0,0.0,0.0,0.0,0.0,0.0,0.0,1.0
40,-0.959434718865092,0.21750982175048372,-0.03756844555990068,-0.47502085468834226,0.4462576961578569,-0.2923802124426908,-0.743157535967465,-0.39677501138586696,-0.08631924590381714,-0.08261905097592422,2.0531934365999867,0.2277616079368108,-1.918747011125062,-0.16870708572401985,-0.1602611675682899,-0.1573023041058842,0.8848218465586599,0.2978229201417407,-2.0570149797911172,-0.21180114690741783,0.0,0.0,0.0,0.0,0.0,0.0,1.0,0.0,1.0,0.0,0.0,0.0,0.0,0.0,0.0,0.0,0.0,0.0,0.0,0.0,0.0,0.0,0.0,0.0,1.0
41,-0.12281399819324448,-0.0910953641999006,0.9453908405568375,-0.2924652419870507,0.32232656643256247,-0.33541096645387114,-0.5195136860808751,0.13456537799359816,-0.17800225997797017,-0.17278238054876394,-0.21367553156560895,0.09280507158308565,-1.4555536445884567,-0.16870708572401985,-0.24869356859132621,-0.2443962351927613,0.7483741031082293,0.20905574808002966,-1.3998431199067505,-0.21180114690741783,1.0,0.0,0.0,0.0,0.0,0.0,0.0,0.0,0.0,0.0,1.0,0.0,0.0,0.0,0.0,0.0,0.0,1.0,0.0,0.0,0.0,0.0,0.0,0.0,0.0
42,-0.36257557866629436,-0.47290320492240984,-0.12333585061358712,-0.5011357198567405,0.04550852725794307,-0.45496699295261406,-1.1159436406039396,-0.677120174460008,-0.6486417322252988,-0.6356208056893302,1.2031175735378885,0.2218939324431703,-1.6292511570396833,-0.16870708572401985,-0.6908555737065079,-0.6798658906271468,1.567060563810813,0.31557635455408317,-1.7831933715059645,-0.21180114690741783,0.0,1.0,0.0,0.0,0.0,0.0,0.0,0.0,0.0,0.0,0.0,0.0,0.0,0.0,0.0,1.0,0.0,0.0,0.0,0.0,0.0,0.0,0.0,0.0,1.0
43,-0.4185050515254098,-0.36476130504806553,-0.33996711243341654,0.336172800366799,-0.7138991952196754,-0.49840664772482896,-1.0957020389614054,-0.6937964836349493,-1.327096036373977,-1.3148512218047201,0.4380492967819997,0.49180700515061876,-1.706450051462451,-0.16870708572401985,-1.380628301686187,-1.359198553104784,-0.8207749465717226,0.5996313051515587,-1.6736647281919033,-0.21180114690741783,0.0,0.0,1.0,0.0,0.0,0.0,0.0,0.0,0.0,0.0,0.0,0.0,0.0,1.0,0.0,0.0,0.0,0.0,0.0,0.0,0.0,0.0,1.0,0.0,0.0
44,-0.6254112446008424,-0.4269986960642529,-0.9522129962559686,-0.2227339633393965,-0.4289611602292683,-0.7823465981329735,-1.426792147427165,-1.220330180525802,-1.5471352701519943,-1.5372541014177274,1.769834815579287,0.10454042257036539,-0.9151613836290835,-0.16870708572401985,-1.5221201433230573,-1.515967629061159,1.7035083072612438,0.1380420104306611,-1.071257189964567,-0.21180114690741783,0.0,0.0,0.0,1.0,0.0,0.0,0.0,0.0,0.0,0.0,0.0,0.0,1.0,0.0,0.0,0.0,0.0,0.0,0.0,0.0,0.0,1.0,0.0,0.0,0.0
45,-0.3598352035874637,-0.9556052580958215,-0.6410568290844554,-0.7745091190020835,-0.7709852264094633,-0.8288677791255935,-1.2178681239502565,-1.5358823458298951,-1.1804032138553822,-1.1766007831263685,-0.27034725576974866,0.7793231043389899,-1.4748533681941483,-0.16870708572401985,-1.1330175788216894,-1.1327543322789118,0.47547861620736837,0.8304259525120069,-1.7831933715059645,-0.21180114690741783,0.0,0.0,0.0,0.0,1.0,0.0,0.0,0.0,0.0,0.0,1.0,0.0,0.0,0.0,0.0,0.0,0.0,0.0,0.0,1.0,0.0,0.0,0.0,0.0,0.0
46,-0.4638753021287865,-0.7491772826722227,-0.9883649547815048,-0.37381840040931363,0.05971495159365777,-0.6311527599069574,-1.0826367071050567,-1.1397626006588746,-0.4469391012621371,-0.44928325790546697,-0.015324496851119675,0.6854402964407458,-2.073144799970597,-0.16870708572401985,-0.39018541022817627,-0.38374652493175676,-0.6843272031212919,0.6883984772132697,-2.1665436231051785,-0.21180114690741783,0.0,0.0,0.0,0.0,0.0,1.0,0.0,0.0,0.0,0.0,1.0,0.0,0.0,0.0,0.0,0.0,0.0,0.0,0.0,1.0,0.0,0.0,0.0,0.0,0.0
47,-0.5980322713004943,-0.48447662033691574,-1.2065233251942247,-0.3611399861097402,-0.41272116859769126,-0.6022202050968062,-1.4278288212886108,-1.2994224044908473,-0.0007484327679562687,0.0015333899587316657,-0.2420113936676788,0.15734950201312736,-0.12387271579571689,-0.16870708572401985,0.08734955529620779,0.0865607029373677,-0.5478794596708612,-0.057245768105103415,0.516908138089319,-0.21180114690741783,0.0,0.0,0.0,0.0,0.0,0.0,1.0,0.0,0.0,0.0,1.0,0.0,0.0,0.0,0.0,0.0,0.0,0.0,0.0,1.0,0.0,0.0,0.0,0.0,0.0
48,-0.3863015444444673,-0.5729582792618337,0.27520832664896444,-0.028331610745937284,-1.4894818258671394,-1.297402530551269,-0.28829186629850806,-1.2147420756711855,0.18261759538037062,0.18186004910441111,-0.015324496851119675,0.09280507158308565,-0.18177188661279253,-0.16870708572401985,0.1934684365238554,0.1910734202416242,-0.4114317162204308,0.10253514160597618,-0.19502804345207822,-0.21180114690741783,1.0,0.0,0.0,0.0,0.0,0.0,0.0,0.0,0.0,1.0,0.0,0.0,0.0,0.0,0.0,0.0,0.0,0.0,1.0,0.0,0.0,0.0,0.0,0.0,0.0
49,-0.34644992775173866,0.3710720961509656,-0.685561136648651,-0.7441337514093544,-0.512410814197591,-0.17706993353339592,-1.3055197917904184,-0.717376851155321,0.1520565906889724,0.15180560591345088,0.46638515888406995,-0.8460230073993474,0.6288165048262665,-0.16870708572401985,0.06966307509159651,0.06914191672000813,-0.6161033313960765,-0.8206434478358183,0.6812011030604107,-0.21180114690741783,0.0,1.0,0.0,0.0,0.0,0.0,0.0,0.0,0.0,0.0,0.0,0.0,0.0,0.0,0.0,1.0,0.0,0.0,0.0,0.0,0.0,0.0,0.0,0.0,1.0
50,0.026208319947447493,-0.7290379679967501,-0.43686059437815083,0.40880954895810484,0.2368784966654134,-0.0662527049965676,-0.8251326192913316,-0.22296244463761597,-0.129104652471758,-0.1066626055287006,-1.0637513946277073,-1.1511421330686376,1.285007107419791,-0.16870708572401985,-0.07182876654525357,-0.05278958680162773,-1.4347897920986603,-1.0336846607839247,1.1193156763166552,-0.21180114690741783,0.0,0.0,1.0,0.0,0.0,0.0,0.0,0.0,0.0,0.0,0.0,0.0,0.0,0.0,1.0,0.0,0.0,0.0,0.0,0.0,0.0,0.0,1.0,0.0,0.0
51,-0.29686356499666244,-0.44834626970734437,-1.909865911404831,-0.7758297871582879,-0.5160665698895487,-0.11111241523945181,-0.7671612048790821,-1.4296146775871783,0.054261375676548054,0.0556313877024478,-0.7803927736070081,-0.13603427266888243,-0.2589707810355598,-0.16870708572401985,0.06966307509159651,0.06914191672000813,-0.6161033313960765,0.013767969544265155,-0.30455668676613934,-0.21180114690741783,0.0,0.0,0.0,1.0,0.0,0.0,0.0,0.0,0.0,0.0,1.0,0.0,0.0,0.0,0.0,0.0,0.0,0.0,0.0,1.0,0.0,0.0,0.0,0.0,0.0
52,0.3227704053467763,0.9525948074052496,-0.8522341316439686,1.9579532961872357,-0.3685884640664229,0.4022820464291074,0.01741274402933979,0.8868620754470955,0.10315898318278106,0.10371849680793908,-0.15700380736146927,0.16908485300040835,-0.5291669115152455,-0.16870708572401985,0.10503603550081908,0.10397948915474708,0.7483741031082293,0.04927483836895007,-0.4140853300802005,-0.21180114690741783,0.0,0.0,0.0,0.0,1.0,0.0,0.0,0.0,0.0,1.0,0.0,0.0,0.0,0.0,0.0,0.0,0.0,0.0,0.0,1.0,0.0,0.0,0.0,0.0,0.0
53,0.4240663981740962,-2.325078656027989,-0.0886798351994514,0.6742638483554245,-0.6942143568783697,1.7181668802203671,1.462090925302264,-0.08695055632827939,0.18261759538034977,0.18186004910441111,-0.7803927736070081,-0.24752010704804686,-0.3940688462754027,-0.16870708572401985,0.15809547611463282,0.15623584780688524,-0.47965558794564617,-0.11050607134213015,-0.46884965173723103,-0.21180114690741783,0.0,0.0,0.0,0.0,0.0,1.0,0.0,0.0,0.0,0.0,1.0,0.0,0.0,0.0,0.0,0.0,0.0,0.0,1.0,0.0,0.0,0.0,0.0,0.0,0.0
54,0.4451066114427769,0.5900871432467353,2.354868440119334,1.9130505788762469,0.02132951682810994,-0.20083183572521937,0.6206500916095253,1.8206489572253337,0.7816132873314801,0.7889598015615128,-0.38369070417802875,-1.3565107753460455,0.8990126353059531,-0.06339947807463166,0.6886898822528508,0.6962182205455074,-0.7525510748465073,-1.3709999146184264,1.1193156763166552,-0.08426497242553181,0.0,0.0,0.0,0.0,0.0,0.0,1.0,0.0,0.0,0.0,0.0,1.0,0.0,0.0,0.0,0.0,0.0,0.0,0.0,0.0,1.0,0.0,0.0,0.0,0.0
55,-0.3954278688779167,0.23764913642595678,-0.5119070738001259,0.49641386998640846,1.169939834043327,3.1237711344973946,1.2061958333507878,1.488383303617167,1.0688867314305026,1.0714715675564201,-1.403781739852547,-0.27685848451624684,-0.33616967545832704,-0.16870708572401985,1.0954789269588299,1.096850303545154,-0.7525510748465073,-0.1637663745791569,-0.5236139733942616,-0.21180114690741783,1.0,0.0,0.0,0.0,0.0,0.0,0.0,0.0,0.0,0.0,1.0,0.0,0.0,0.0,0.0,0.0,0.0,0.0,0.0,1.0,0.0,0.0,0.0,0.0,0.0
56,3.2131208121079906,1.4443297407313833,-0.6894879873160796,3.275980116080392,-1.1646819932355867,0.13187768190950183,1.9996089966567008,2.2275824504550723,1.3561601755295252,1.3539833335513276,-0.8654003599132182,-0.7814785769693045,0.7639145700661102,-0.028296942191502274,1.3607761300279388,1.3581320968057853,-1.366565920373445,-0.9094106198975294,1.2836086412877468,-0.052380928805060324,0.0,1.0,0.0,0.0,0.0,0.0,0.0,0.0,0.0,0.0,1.0,0.0,0.0,0.0,0.0,0.0,0.0,0.0,0.0,0.0,0.0,1.0,0.0,0.0,0.0
57,0.5869006689435288,0.3433805384721903,0.252170802733381,-0.004559583934237111,-2.308371100865477,0.6041507425220853,0.2682901012058108,-0.08787841360476044,0.9894281192329131,0.9933300152599687,0.09801895155716008,-1.3799814773206045,2.056996051647466,0.006805593691627112,0.900927644708146,0.9052436551540204,-0.27498397277000003,-1.1934655704950043,1.776487536201022,-0.052380928805060324,0.0,0.0,1.0,0.0,0.0,0.0,0.0,0.0,0.0,0.0,0.0,0.0,0.0,0.0,0.0,1.0,0.0,0.0,0.0,0.0,0.0,0.0,0.0,0.0,1.0
58,0.7407995230865382,-0.21548544377218704,-0.8976110726898142,-0.2227339633393965,0.08274621245298741,3.7019629554056754,1.894159222121036,1.188465403567927,0.1520565906889724,0.15180560591345088,1.0047665388233988,-0.92817046431031,1.9411977100133146,2.393778033744426,0.10503603550081908,0.10397948915474708,-0.6843272031212919,-0.8916571854851869,1.6669588928869608,4.188196872717649,0.0,0.0,0.0,1.0,0.0,0.0,0.0,0.0,0.0,1.0,0.0,0.0,0.0,0.0,0.0,0.0,0.0,0.0,1.0,0.0,0.0,0.0,0.0,0.0,0.0
59,0.9899481801197079,0.024245825450696337,0.7307230040707227,0.14995859034181447,-0.23661568358677978,0.621596185394318,-0.7446246517113427,0.8193371786774722,-0.8136711575587701,-0.7979147989204581,-0.5820417388925184,-0.5350362062364161,1.3429062782368666,-0.13360454984089043,-0.7439150143203216,-0.7321222492792652,-0.13853622931956963,-0.6608625381247382,1.5026659279158692,-0.17991710328694632,0.0,0.0,0.0,0.0,1.0,0.0,0.0,0.0,0.0,0.0,0.0,0.0,1.0,0.0,0.0,0.0,0.0,0.0,0.0,0.0,0.0,1.0,0.0,0.0,0.0
60,-0.7568303164425144,-0.05814704787005428,0.4270465524562175,-0.22026871611447968,0.6856928108471945,-0.04033376130068024,-0.585786525372538,-0.0035088024777283683,0.19484199725691326,0.1938818263807788,1.4864761945585876,-0.4176826963636112,0.2814214799238126,-0.16870708572401985,0.26421435734228044,0.2607485651111219,0.7483741031082293,-0.4478213251766318,0.3526151731182274,-0.21180114690741783,0.0,0.0,0.0,0.0,0.0,1.0,0.0,0.0,0.0,0.0,0.0,0.0,0.0,0.0,0.0,1.0,0.0,0.0,0.0,0.0,0.0,0.0,0.0,0.0,1.0
61,0.034422011937552295,-0.2255551011099238,-0.7536265482174194,-0.8013627048449296,0.9455326769524369,1.3686557396289363,0.07300574979293503,0.1880145177869861,0.09704678224448891,0.09770760816975524,1.4581403324565179,-0.3179322129717291,-0.3554693990640195,-0.16870708572401985,0.08734955529620779,0.0865607029373677,1.498836692085598,-0.2525335466408679,-0.6879069383653532,-0.21180114690741783,0.0,0.0,0.0,0.0,0.0,0.0,1.0,0.0,1.0,0.0,0.0,0.0,0.0,0.0,0.0,0.0,0.0,0.0,0.0,0.0,0.0,0.0,0.0,0.0,1.0
62,-0.433758431498404,-1.3130780935854682,-1.033741895827351,-0.6758363410455808,-0.7079937437172836,1.8477615986998102,0.786406899869903,-0.775158097360089,0.6654814695042418,0.6627311401595495,2.506567230233106,-0.6582573916028603,-0.008074374161564781,-0.13360454984089043,0.7771222832758871,0.7833121516323844,1.567060563810813,-0.8916571854851869,0.4073794947752579,0.1708073765382402,1.0,0.0,0.0,0.0,0.0,0.0,0.0,0.0,1.0,0.0,0.0,0.0,0.0,0.0,0.0,0.0,0.0,0.0,0.0,0.0,0.0,0.0,0.0,0.0,1.0
63,5.304874372254602,-0.019127125686324957,-0.8958658057265122,0.2463673657448214,-0.5957901651718381,-1.1129792773305243,3.1272110124753993,0.9654591179535913,1.5150773999247669,1.5102664381442306,1.3731327461503076,-0.5526392327173371,-1.0888588960803105,-0.16870708572401985,1.5376409320740114,1.5323199589795393,1.0212695900090907,-0.607602234887712,-1.235550154935659,-0.21180114690741783,0.0,1.0,0.0,0.0,0.0,0.0,0.0,0.0,1.0,0.0,0.0,0.0,0.0,0.0,0.0,0.0,0.0,1.0,0.0,0.0,0.0,0.0,0.0,0.0,0.0
64,0.4658233679067072,0.22254465041935187,-0.4085872695726618,-0.19913802561519153,0.533627434660605,0.6731017786361477,-1.0896111837438918,0.44677317360409646,1.6617702224433617,1.654527765460807,-0.38369070417802875,-0.6641250670965008,-0.10457299219002446,-0.16870708572401985,1.643759813301659,1.636832676283796,-1.0254465617473685,-0.6963694069494231,0.1335578864901051,-0.052380928805060324,0.0,0.0,1.0,0.0,0.0,0.0,0.0,0.0,0.0,0.0,0.0,0.0,0.0,0.0,0.0,1.0,0.0,0.0,0.0,0.0,0.0,0.0,0.0,0.0,1.0
65,0.791242021990847,0.15541360150110817,0.25112364255540054,0.3238465642422146,0.036093145584090325,4.653985695004654,2.3494185833289882,2.289495498727021,1.2216917548874104,1.2217437835111393,-0.46869829048423867,-0.2592554580353266,-0.3747691226697111,-0.16870708572401985,1.1839113279818663,1.183944234632031,-0.27498397277000003,-0.3590541531149208,-0.4140853300802005,-0.21180114690741783,0.0,0.0,0.0,1.0,0.0,0.0,0.0,0.0,0.0,0.0,1.0,0.0,0.0,0.0,0.0,0.0,0.0,0.0,0.0,1.0,0.0,0.0,0.0,0.0,0.0
66,0.669063353638043,1.2685303063767337,-0.20299482129571553,-0.6015015905391534,-1.3654673443169105,-0.742708653103547,-0.07098184024739901,-0.29678552975356864,0.7816132873314801,0.7769380242851656,0.18302653786337036,-0.14190194816252294,-0.33616967545832704,-0.16870708572401985,0.7594358030712959,0.765893365415025,1.0212695900090907,-0.2880404154655522,-0.19502804345207822,-0.21180114690741783,0.0,0.0,0.0,0.0,1.0,0.0,0.0,0.0,0.0,0.0,1.0,0.0,0.0,0.0,0.0,0.0,0.0,0.0,0.0,1.0,0.0,0.0,0.0,0.0,0.0
67,-0.8006366737230718,-0.3979979830186624,-0.10072217724623334,-0.4210102758577254,-0.9383063523105659,-0.33042655420466105,-1.069923955904202,-1.027231061062262,0.44544223572626623,0.4403282605465421,1.1181099872316782,-0.09496054421340085,-0.20107161021848413,-0.16870708572401985,0.4233926791837418,0.41751764106751654,1.498836692085598,-0.18151980899149872,-0.030735078480986555,-0.21180114690741783,0.0,0.0,0.0,0.0,0.0,1.0,0.0,0.0,0.0,1.0,0.0,0.0,0.0,0.0,0.0,0.0,0.0,0.0,1.0,0.0,0.0,0.0,0.0,0.0,0.0
68,-0.5531307550879226,-0.21800285810662112,-0.5324139606189229,1.045811822967924,-1.2512952819373344,-1.5948057947540917,0.06677383473768822,-1.0842603375678852,0.4393300347879949,0.43431737190833775,-0.07199622105525937,0.004789939178482586,-0.22037133382417656,-0.16870708572401985,0.4764521197975757,0.46977399971963485,-0.13853622931956963,0.013767969544265155,-0.4140853300802005,-0.21180114690741783,0.0,0.0,0.0,0.0,0.0,0.0,1.0,0.0,0.0,1.0,0.0,0.0,0.0,0.0,0.0,0.0,0.0,0.0,1.0,0.0,0.0,0.0,0.0,0.0,0.0
69,1.5211002621464653,0.41512684700356217,1.8930708016296902,-0.0864410096189824,0.5498674262921825,-0.606230698660911,0.3471496359266775,1.2657198169326473,0.2559640066396889,0.2539907127626583,0.5513927451902795,0.05173134312760343,-0.12387271579571607,-0.16870708572401985,0.299587317751503,0.29558613754588065,-0.27498397277000003,0.013767969544265155,0.07879356483307456,-0.21180114690741783,1.0,0.0,0.0,0.0,0.0,0.0,0.0,0.0,0.0,1.0,0.0,0.0,0.0,0.0,0.0,0.0,0.0,0.0,1.0,0.0,0.0,0.0,0.0,0.0,0.0
70,-0.9430073348848829,-0.10220179872265042,0.5568944145258676,0.30025062651800777,-0.09507156401070115,-0.1335422703608937,-0.5372955985172622,-0.1350079384743307,0.06037357661481937,0.061642276340611146,0.7214079178026989,0.13387880003856725,0.262121756318121,-0.16870708572401985,0.12272251570543037,0.12139827537212647,0.8165979748334449,-0.02173889928041913,0.4073794947752579,-0.21180114690741783,0.0,1.0,0.0,0.0,0.0,0.0,0.0,0.0,0.0,0.0,1.0,0.0,0.0,0.0,0.0,0.0,0.0,0.0,0.0,1.0,0.0,0.0,0.0,0.0,0.0
71,-0.2475814130560356,1.2169233125208345,-0.7968219055591376,-0.07481912984437376,2.7289790306747777,-0.18837080510219634,0.6401196085853498,0.8497488973714185,-0.09854364778035976,-0.0946408282522919,3.1866279206827843,-0.6758604180837812,1.8639988155905467,0.2876258807566623,0.05197659488700533,0.05172313050262875,1.4306128203603823,-0.7318762757741074,1.5574302495728995,1.1592127287728564,0.0,0.0,1.0,0.0,0.0,0.0,0.0,0.0,0.0,1.0,0.0,0.0,0.0,0.0,0.0,0.0,0.0,0.0,1.0,0.0,0.0,0.0,0.0,0.0,0.0
72,-0.031219076550032504,0.7067623048301608,1.413122386721709,0.9947459875946425,-0.6666555832005404,-0.20159019642727802,-0.05781825013190587,0.8218587103371768,0.42710563291143144,0.4403282605465421,2.534903092335176,-1.5266733646616106,1.960497433619007,0.3227284166397917,0.44107915938835307,0.4523552135022555,0.6801502313830141,-1.4597670866801373,1.7217232145439914,0.7128361180862556,0.0,0.0,0.0,1.0,0.0,0.0,0.0,0.0,0.0,0.0,0.0,0.0,0.0,0.0,0.0,1.0,0.0,0.0,0.0,0.0,0.0,0.0,0.0,0.0,1.0
73,0.03151788512676524,4.197541884490845,-0.6750895348688403,0.3678688361157329,0.08333675760322523,0.2610570327015102,1.7991954475939191,1.5830637002420078,0.3048616141458802,0.32011048778274215,-0.9504079462194277,-0.8870967358548284,1.0920098713628725,-0.16870708572401985,0.4057061989791506,0.41751764106751654,0.33903087275693766,-0.8383968822481602,0.900258389688533,-0.21180114690741783,0.0,0.0,0.0,0.0,1.0,0.0,0.0,0.0,0.0,0.0,1.0,0.0,0.0,0.0,0.0,0.0,0.0,1.0,0.0,0.0,0.0,0.0,0.0,0.0,0.0
74,-0.07406716976507696,0.5995973751768194,-0.2541311433204566,1.0390323930994003,0.09896883510955708,1.0439118414182338,-0.745609952280396,0.897336968624614,0.7021546751338905,0.6927855833504892,-1.403781739852547,-0.34727059043992964,0.7639145700661102,-0.16870708572401985,0.635630441639037,0.6265430756760096,-1.2983420486482296,-0.12825950575447198,0.516908138089319,-0.21180114690741783,0.0,0.0,0.0,0.0,0.0,1.0,0.0,0.0,0.0,0.0,0.0,0.0,1.0,0.0,0.0,0.0,0.0,0.0,0.0,1.0,0.0,0.0,0.0,0.0,0.0
75,0.5600982993042403,-0.4256895406974368,-0.44616868484909405,0.42128252598893573,0.6797873593448027,-0.12828094632006082,-0.8126238243576588,0.19005832655793017,0.04203697379998459,0.043609610426059604,-0.8087286357090779,0.4037918727460157,-0.2782705046412522,-0.16870708572401985,0.03429011468239404,0.034304344285249366,-1.0936704334725837,0.1913023136676872,0.07879356483307456,-0.21180114690741783,0.0,0.0,0.0,0.0,0.0,0.0,1.0,0.0,0.0,0.0,0.0,0.0,1.0,0.0,0.0,0.0,0.0,0.0,0.0,0.0,0.0,0.0,1.0,0.0,0.0
76,-0.48194542450701705,-0.029196783024062162,-0.34785197924976097,-0.7520577603465872,-0.6824034538735853,-0.2664599303398092,-1.3785361207517126,-0.8818531512815366,0.3415348197755706,0.3441540423355185,-0.015324496851119297,-0.7990816034502254,0.7446148464604178,-0.16870708572401985,0.4057061989791506,0.41751764106751654,0.407254744482153,-0.8206434478358183,0.7907297463744718,-0.21180114690741783,1.0,0.0,0.0,0.0,0.0,0.0,0.0,0.0,1.0,0.0,0.0,0.0,0.0,0.0,0.0,0.0,0.0,1.0,0.0,0.0,0.0,0.0,0.0,0.0,0.0
77,-0.05123506167353774,-0.44764698794777924,-0.3181824408736312,-0.12870239061755967,0.5321510717850063,-0.32344837705576923,-1.0213683024499887,-0.29576789180499435,0.23762740382485412,0.2539907127626583,-1.3471100156484068,-0.9223027888166695,0.6288165048262673,-0.16870708572401985,0.21115491672846667,0.22591099267638295,-1.0254465617473685,-0.8739037510728451,0.5716724597463496,-0.21180114690741783,0.0,1.0,0.0,0.0,0.0,0.0,0.0,0.0,0.0,0.0,0.0,0.0,0.0,0.0,0.0,1.0,0.0,0.0,0.0,0.0,0.0,0.0,0.0,0.0,1.0
78,-0.9046767722643951,0.11983414557443944,-1.6061894597903263,-0.2620898743943231,0.41941063401207057,-0.5690552906355574,-0.5540984982333299,-1.0114608937662584,0.9527549136032644,0.957264683430845,-0.8654003599132182,-0.5350362062364161,0.14632341468396973,-0.16870708572401985,0.971673565526571,0.974918800023518,-0.13853622931956963,-0.4123144563519475,-0.030735078480986555,-0.21180114690741783,0.0,0.0,1.0,0.0,0.0,0.0,0.0,0.0,0.0,0.0,1.0,0.0,0.0,0.0,0.0,0.0,0.0,0.0,1.0,0.0,0.0,0.0,0.0,0.0,0.0
79,1.6306161553478582,0.8581917698639697,-0.04243026067195513,-0.9554406564022458,-1.395978843745935,0.668948101761806,0.3473151718261777,0.33112528010006925,1.7595654374558067,1.7507019836717894,-0.7520569115049383,-1.0455239741831137,0.9376120825173363,-0.16870708572401985,1.8206246153477317,1.8110205384575502,0.13435925758129183,-1.0336846607839247,0.24308652980416623,-0.21180114690741783,0.0,0.0,0.0,1.0,0.0,0.0,0.0,0.0,0.0,1.0,0.0,0.0,0.0,0.0,0.0,0.0,0.0,0.0,1.0,0.0,0.0,0.0,0.0,0.0,0.0
80,0.283570668970721,-0.12485852773255846,0.3668348422223069,-0.0371360651206415,-0.7138991952196754,-0.12772712273681658,-0.9749719471469143,-0.10563172002358968,0.89774510515876,0.9031666856871289,-0.667049325198728,-1.6557622255216953,2.0183966044360826,-0.16870708572401985,0.8478682040943323,0.852987296501902,-1.0254465617473685,-1.4952739555048222,1.776487536201022,-0.020496885184588802,0.0,0.0,0.0,0.0,1.0,0.0,0.0,0.0,0.0,0.0,0.0,0.0,0.0,0.0,1.0,0.0,0.0,0.0,0.0,0.0,0.0,0.0,0.0,1.0,0.0
81,0.01708199551399809,0.08817066750133465,-0.9709122851484873,0.5686103958589795,-0.7109464694684795,-0.6394601136556396,-0.9005668546538131,-0.5718798159577156,1.1666819464429479,1.1676457857674643,0.4380492967819997,-1.4034521792951664,0.7639145700661102,-0.16870708572401985,1.2723437290049024,1.271038165718908,0.13435925758129183,-1.4775205210924798,0.8454940680315024,-0.21180114690741783,0.0,0.0,0.0,0.0,0.0,1.0,0.0,0.0,1.0,0.0,0.0,0.0,0.0,0.0,0.0,0.0,0.0,0.0,0.0,0.0,0.0,0.0,0.0,0.0,1.0
82,-1.047047433426206,-0.8498738560495881,0.23244928604807127,-0.675459007286665,-0.767048258741202,0.5019702914132943,-0.2105201784520274,-0.8837852907041301,1.8390240496533965,1.8468762018828542,1.0614382630275385,-1.4562612587379284,-0.6063658059380137,-0.16870708572401985,1.838311095552323,1.8458581108922891,1.7717321789864588,-1.4952739555048222,-0.5236139733942616,-0.21180114690741783,0.0,0.0,0.0,0.0,0.0,0.0,1.0,0.0,0.0,1.0,0.0,0.0,0.0,0.0,0.0,0.0,0.0,1.0,0.0,0.0,0.0,0.0,0.0,0.0,0.0
83,2.6874445247413026,-0.29352528813964524,1.7499589106389453,-0.24668207923859048,1.4002524426366088,0.02097450936459446,0.9184157433808325,1.7975256112323446,1.8390240496533965,1.8468762018828542,1.0614382630275385,-1.4562612587379284,-0.6063658059380137,-0.16870708572401985,1.838311095552323,1.8458581108922891,1.7717321789864588,-1.4952739555048222,-0.5236139733942616,-0.21180114690741783,1.0,0.0,0.0,0.0,0.0,0.0,0.0,0.0,0.0,1.0,0.0,0.0,0.0,0.0,0.0,0.0,0.0,1.0,0.0,0.0,0.0,0.0,0.0,0.0,0.0
84,-1.331788755749829,-0.41561988335970046,-0.5433218791395578,-0.6516869804749644,0.3313657207036832,-0.4164076655035224,-0.6542829245218347,-1.0851017531228853,1.625097016813692,1.6184624336316629,-0.12866794525939942,-1.0572593251703946,-0.548466635120938,-0.16870708572401985,1.643759813301659,1.636832676283796,-0.4114317162204308,-1.0336846607839247,-0.46884965173723103,-0.21180114690741783,0.0,1.0,0.0,0.0,0.0,0.0,0.0,0.0,0.0,1.0,0.0,0.0,0.0,0.0,0.0,0.0,0.0,0.0,1.0,0.0,0.0,0.0,0.0,0.0,0.0
85,0.3492802048915575,1.8588639678015373,-0.8596515162380016,0.4217520968889202,0.21793183976190664,-0.4101771501920106,-0.18526363536575313,0.5670176891215495,2.266878115332784,2.2676384065560926,0.2963699862716501,-1.3623784508396848,-0.18177188661279173,-0.16870708572401985,2.2274136600536907,2.229071407674556,0.47547861620736837,-1.3532464802060846,-0.4140853300802005,-0.21180114690741783,0.0,0.0,1.0,0.0,0.0,0.0,0.0,0.0,0.0,1.0,0.0,0.0,0.0,0.0,0.0,0.0,0.0,1.0,0.0,0.0,0.0,0.0,0.0,0.0,0.0
86,-0.682359509065567,1.3276895432359357,0.1694451486728791,-0.4417007436382806,-0.33004484756420494,0.47704823016724823,-0.36456083005635626,0.23869422320625852,2.0468388815547875,2.033213749666697,-0.5537058767904486,-1.4151875302824468,0.04982479665551004,-0.16870708572401985,2.0151758975983958,2.002627186848664,-0.47965558794564617,-1.3354930457937422,-0.19502804345207822,-0.21180114690741783,0.0,0.0,0.0,1.0,0.0,0.0,0.0,0.0,0.0,1.0,0.0,0.0,0.0,0.0,0.0,0.0,0.0,0.0,1.0,0.0,0.0,0.0,0.0,0.0,0.0
87,-1.0634748174064153,0.6941402690700119,0.12467905106418835,1.8822349885647836,0.3923887195617325,-1.312355767298897,0.7160931275539204,0.23732302748699766,2.1324096946906903,2.1353988565159248,-0.8654003599132182,-1.960881351190986,1.2464076602084069,-0.16870708572401985,2.0505488580076183,2.054883545500802,-0.6843272031212919,-1.8858495125763508,0.900258389688533,-0.21180114690741783,0.0,0.0,0.0,0.0,1.0,0.0,0.0,0.0,0.0,0.0,0.0,0.0,0.0,0.0,0.0,1.0,0.0,0.0,0.0,0.0,0.0,0.0,0.0,0.0,1.0
88,-0.5597017086800065,0.42764399049977714,-0.023232324075634695,-0.5238463029542669,0.8746672589237341,-0.7528554923251511,-0.5233847361119607,-0.2314960604207421,1.7656776383940782,1.7747455382245658,-1.0354155325256373,-1.626423848053494,1.9990968808303904,-0.16870708572401985,1.7321922143246955,1.7413453935880325,-0.5478794596708612,-1.5130273899171642,1.7217232145439914,-0.21180114690741783,0.0,0.0,0.0,0.0,0.0,1.0,0.0,0.0,0.0,0.0,0.0,0.0,0.0,0.0,0.0,1.0,0.0,0.0,0.0,0.0,0.0,0.0,0.0,0.0,1.0
89,-0.48906395756510807,-0.049336097699534336,2.2700484657028692,-0.1674419898662572,0.5528201520433779,-0.15929506698180854,0.6746218144390174,0.6813722957539994,1.3989455820974661,1.3960595540186556,-0.32701897997388907,-0.5937129611728186,0.45511899237503955,-0.16870708572401985,1.3784626102325501,1.3755508830231646,0.7483741031082293,-0.6963694069494231,0.516908138089319,-0.21180114690741783,0.0,0.0,0.0,0.0,0.0,0.0,1.0,0.0,0.0,1.0,0.0,0.0,0.0,0.0,0.0,0.0,0.0,1.0,0.0,0.0,0.0,0.0,0.0,0.0,0.0
90,-0.6986499981792732,-0.8498738560495881,-0.7841687200751997,-0.47207611123100823,0.3724578207411603,1.3376900785307226,0.17077290225958183,-0.38158485852483975,1.7290044327644085,1.7206475404808703,-1.5171251882608268,-1.4738642852188486,1.0148109769401044,-0.16870708572401985,1.7321922143246955,1.723926607370673,-1.2983420486482296,-1.4065067834431113,0.7907297463744718,-0.21180114690741783,1.0,0.0,0.0,0.0,0.0,0.0,0.0,0.0,0.0,0.0,1.0,0.0,0.0,0.0,0.0,0.0,0.0,0.0,0.0,1.0,0.0,0.0,0.0,0.0,0.0
